titre,acteurs,budget,compositeur,date_sortie_fr,date_sortie_us,duree,entrees_fr,franchise,genres,pays,pegi_fr,pegi_us,producteur,realisateur,entrees_usa,salles_fr,studio
1492 christophe colomb,"gérard depardieu, sigourney weaver",47000000,pas de compositeur,1992-09-28,1992-10-09,162,610299.0,0,aventure - action,grande-bretagne,tous publics,PG,ridley scott,ridley scott,3002680.0,-1,gaumont
2 fast 2 furious,"eva mendes, paul walker",76000000,pas de compositeur,2003-06-18,2003-06-06,105,804821.0,1,aventure - action,etats-unis,tous publics,PG,neal h. moritz,john singleton,50472480.0,448,uip
40 ans : mode d'emploi,"paul rudd, melissa mccarthy, jason segel",35000000,pas de compositeur,2013-03-13,2012-12-21,133,125161.0,0,comédie,etats-unis,tous publics,R,judd apatow,judd apatow,11579175.0,180,universal
"40 ans, toujours puceau","steve carell, paul rudd, seth rogen, kevin hart, jonah hill",26000000,pas de compositeur,2005-11-09,2005-08-19,116,205065.0,0,comédie,etats-unis,tous publics,R,judd apatow,judd apatow,21422815.0,299,uip
58 minutes pour vivre,bruce willis,70000000,pas de compositeur,1990-10-03,1990-07-06,123,343054.0,1,aventure - action,etats-unis,,R,joel silver,renny harlin,21744661.0,-1,20th century fox
60 secondes chrono,"nicolas cage, angelina jolie, robert duvall",90000000,pas de compositeur,2000-08-23,2000-06-09,118,964818.0,0,aventure - action,etats-unis,,PG,jerry brukheimer,dominic sena,25336048.0,563,gbvi
8 mile,kim basinger,41000000,pas de compositeur,2003-02-26,2002-11-08,101,922854.0,0,drame,etats-unis,tous publics,R,brian grazer,curtis hanson,51240555.0,477,uip
a armes égales,"demi moore, viggo mortensen, jim caviezel",50000000,pas de compositeur,1998-03-04,1997-08-22,125,271041.0,0,aventure - action,etats-unis,tous publics,R,ridley scott,ridley scott,11094241.0,250,gbvi
a vif,jodie foster,-1,pas de compositeur,2007-09-26,2007-09-14,122,148376.0,0,thriller,etats-unis,,R,joel silver,neil jordan,13471488.0,277,warner bros.
a.i. intelligence artificielle,"jude law, brendan gleeson, robin williams, chris rock",100000000,john williams,2001-10-24,2001-06-29,145,766701.0,0,science fiction,etats-unis,tous publics,PG,steven spielberg,steven spielberg,29352630.0,687,warner bros.
after earth,will smith,130000000,james newton howard,2013-06-05,2013-05-31,100,548418.0,0,science fiction,etats-unis,tous publics,PG,will smith,m. night shyamalan,27520040.0,497,sony pictures
amen,mathieu kassovitz,15750000,pas de compositeur,2002-02-27,2003-01-24,130,307342.0,0,drame,france,, ,claude berri,costa-gavras,16284.0,191,pathé
american gangster,"denzel washington, russell crowe, josh brolin, cuba gooding jr., idris elba",100000000,pas de compositeur,2007-11-14,2007-11-02,160,485455.0,0,thriller,etats-unis,tous publics,R,brian grazer,ridley scott,43565135.0,379,paramount
amistad,"morgan freeman, anthony hopkins, matthew mcconaughey",40000000,john williams,1998-02-25,1997-12-26,152,246403.0,0,drame,etats-unis,tous publics,R,steven spielberg,steven spielberg,5176006.0,289,uip
angel-a,jamel debbouze,1200000,pas de compositeur,2005-12-21,2007-05-25,90,327730.0,0,comédie,france,tous publics,R,luc besson,luc besson,29727.0,300,europacorp
anges & démons,"tom hanks, ewan mcgregor",150000000,hans zimmer,2009-05-13,2009-05-15,140,805694.0,1,thriller,etats-unis,tous publics,PG,brian grazer,ron howard,46204168.0,758,sony pictures
anna (2019),"luke evans, helen mirren, cillian murphy",30690000,eric serra,2019-07-10,2019-06-21,119,280773.0,0,thriller,france,tous publics,R,luc besson,luc besson,3600647.0,657,pathé
apollo 13,"kevin bacon, tom hanks, bill paxton, ed harris, gary sinise, bryce dallas howard",62000000,james horner,1995-11-08,1995-06-30,140,628414.0,0,aventure - action,etats-unis,tous publics,PG,brian grazer,ron howard,25353380.0,377,uip
armageddon,"bruce willis, ben affleck, liv tyler, billy bob thornton, owen wilson, steve buscemi, charlton heston",140000000,pas de compositeur,1998-08-05,1998-07-01,150,1217814.0,0,science fiction,etats-unis,tous publics,PG,jerry brukheimer,michael bay,36089972.0,635,gbvi
arrête-moi si tu peux,"leonardo dicaprio, tom hanks, nathalie baye, amy adams, jennifer garner, christopher walken",52000000,john williams,2003-02-12,2002-12-25,141,1137654.0,0,aventure - action,etats-unis,,PG,steven spielberg,steven spielberg,30053627.0,709,uip
arthur et la vengeance de maltazard,omar sy,63237392,eric serra,2009-12-02,,94,1213383.0,1,animation,france,tous publics, ,luc besson,luc besson,,925,europacorp
arthur et les minimoys,"jason bateman, robert de niro, harvey keitel, - madonna",65199234,eric serra,2006-12-13,2007-01-12,95,1510369.0,1,animation,france,tous publics, ,luc besson,luc besson,4294936.0,956,europacorp
assassins,"sylvester stallone, antonio banderas, julianne moore",50000000,pas de compositeur,1995-11-01,1995-10-06,135,232590.0,0,thriller,etats-unis,tous publics,R,joel silver,richard donner,9378637.0,-1,warner bros.
astérix et obélix : l'empire du milieu,"guillaume canet, gilles lellouche, vincent cassel, jonathan cohen, jérôme commandeur, marion cotillard, josé garcia, manu payet, ramzy bedia, franck gastambide, pierre richard",60000000,pas de compositeur,2023-02-01,,112,1882686.0,1,comédie,france,tous publics, ,alain attal,guillaume canet,,772,pathé
astérix et obélix contre césar,"gérard depardieu, christian clavier, roberto begnini, michel galabru",41900000,pas de compositeur,1999-02-03,1999-06-04,109,2718443.0,1,comédie,france,tous publics, ,claude berri,claude zidi,,780,pathé
astérix et obélix: mission cléopatre,"christian clavier, jamel debbouze, gérard depardieu, edouard baer, alain chabat, monica bellucci, marina foïs, mathieu kassovitz, jean-paul rouve",50300000,pas de compositeur,2002-01-30,2002-06-07,107,3685097.0,1,comédie,france,tous publics, ,claude berri,alain chabat,,945,pathé
astérix et obélix: mission cléopatre (rep. 2023),"christian clavier, jamel debbouze, gérard depardieu, edouard baer, monica bellucci, alain chabat, marina foïs, mathieu kassovitz, jean-paul rouve",50300000,pas de compositeur,2023-07-05,,107,183334.0,1,comédie,france,tous publics, ,claude berri,alain chabat,,405,pathé
au coeur de l'océan,"chris hemsworth, cillian murphy, brendan gleeson, tom holland",100000000,pas de compositeur,2015-12-09,2015-12-11,121,138532.0,0,aventure - action,etats-unis,tous publics,PG,brian grazer,ron howard,11053366.0,368,warner bros.
au-delà,"matt damon, cécile de france, bryce dallas howard",50000000,pas de compositeur,2011-01-19,2010-10-22,129,776428.0,0,thriller,etats-unis,tous publics,PG,steven spielberg,clint eastwood,12018147.0,446,warner bros.
avengers : l'ère d'ultron,"robert downey jr, chris evans, chris hemsworth, mark ruffalo, scarlett johansson, jeremy renner, don cheadle, samuel l. jackson, idris elba",250000000,danny elfman,2015-04-22,2015-05-01,141,1926049.0,1,comicbook,etats-unis,tous publics,PG,kevin feige,joss whedon,191271109.0,828,walt disney pictures
avengers: endgame,"chris evans, chris hemsworth, robert downey jr, scarlett johansson, jeremy renner, paul rudd, mark ruffalo, chadwick boseman, josh brolin, don cheadle, benedict cumberbatch, tom holland, gwyneth paltrow, chris pratt, michael douglas, samuel l. jackson, michelle pfeiffer, natalie portman, rene russo, bradley cooper, vin diesel",356000000,alan silvestri,2019-04-24,2019-04-26,181,3426471.0,1,comicbook,etats-unis,tous publics,PG,kevin feige,- russo (brothers),357115007.0,633,walt disney pictures
avengers: infinity war,"chris evans, chris hemsworth, josh brolin, robert downey jr, chris pratt, angela basset, chadwick boseman, don cheadle, benedict cumberbatch, benicio del toro, idris elba, tom holland, scarlett johansson, gwyneth paltrow, jeremy renner, paul rudd, mark ruffalo, bradley cooper, vin diesel",295000000,alan silvestri,2018-04-25,2018-04-27,156,2565953.0,1,comicbook,etats-unis,tous publics,PG,kevin feige,- russo (brothers),257698183.0,843,walt disney pictures
backdraft,"robert de niro, kurt russell",35000000,hans zimmer,1991-09-25,1991-05-24,132,313777.0,0,aventure - action,etats-unis,tous publics,R,brian grazer,ron howard,12686200.0,-1,uip
bad boys,"will smith, martin lawrence, tea leoni",20500000,pas de compositeur,1995-07-05,1995-04-07,119,339543.0,1,aventure - action,etats-unis,tous publics,R,jerry brukheimer,michael bay,15523358.0,293,columbia
bad boys ii,"will smith, martin lawrence",175000000,pas de compositeur,2003-10-15,2003-07-18,147,689293.0,1,aventure - action,etats-unis,,R,jerry brukheimer,michael bay,46522560.0,671,columbia
bad company,"anthony hopkins, chris rock",70000000,pas de compositeur,2002-07-17,2002-06-07,117,224800.0,0,aventure - action,etats-unis,tous publics,PG,jerry brukheimer,joel schumacher,11007367.0,556,gbvi
barry seal : american traffic,tom cruise,80000000,pas de compositeur,2017-09-13,2017-09-29,115,271607.0,0,thriller,etats-unis,tous publics,R,brian grazer,doug liman,16776390.0,366,universal
batman v superman : l’aube de la justice,"ben affleck, henry cavill, amy adams, jesse eisenberg, laurence fishburne, gal gadot, holly hunter, jeremy irons, diane lane, kevin costner",250000000,hans zimmer,2016-03-23,2016-03-25,151,1251205.0,0,comicbook,etats-unis,tous publics,PG,christopher nolan,zack snyder,166007347.0,822,warner bros.
benjamin gates et le livre des secrets,"nicolas cage, diane kruger, ed harris, harvey keitel, helen mirren, jon voight",125000000,pas de compositeur,2008-02-13,2007-12-21,124,826848.0,1,aventure - action,etats-unis,tous publics,PG,jerry brukheimer,jon turteltaub,44783772.0,625,walt disney pictures
benjamin gates et le trésor des templiers,"nicolas cage, diane kruger, harvey keitel, jon voight",100000000,pas de compositeur,2004-12-22,2004-11-19,131,558487.0,1,aventure - action,etats-unis,tous publics,PG,jerry brukheimer,jon turteltaub,35142554.0,614,walt disney pictures
bienvenue chez les ch'tis,"dany boon, kad merad, michel galabru, jérôme commandeur",12547392,pas de compositeur,2008-02-27,,106,4378720.0,0,comédie,france,tous publics, ,claude berri,dany boon,,793,pathé
bienvenue à suburbicon,"matt damon, julianne moore",25000000,alexandre desplat,2017-12-06,2017-10-27,105,102006.0,0,comédie dramatique,etats-unis,moins de 12 ans,R,joel silver,george clooney,2840246.0,218,metropolitan
big daddy,"adam sandler, steve buscemi",34200000,pas de compositeur,1999-09-22,1999-06-25,93,141577.0,0,comédie,etats-unis,tous publics,PG,adam sandler,dennis dugan,41536370.0,495,columbia
blackkklansman - j'ai infiltré le ku klux klan,"adam driver, alec baldwin",15000000,pas de compositeur,2018-08-22,2018-08-10,128,407099.0,0,thriller,etats-unis,tous publics,R,jason blum,spike lee,10845330.0,307,universal
black panther,"michael b. jordan, chadwick boseman, angela basset, forest whitaker",200000000,pas de compositeur,2018-02-14,2018-02-16,135,1058869.0,0,comicbook,etats-unis,tous publics,PG,kevin feige,ryan coogler,202003951.0,601,walt disney pictures
black panther: wakanda forever,"angela basset, michael b. jordan",250000000,pas de compositeur,2022-11-09,2022-11-11,161,1692183.0,0,comicbook,etats-unis,tous publics,PG,kevin feige,ryan coogler,181339761.0,625,walt disney pictures
blade runner 2049,"harrison ford, ryan gosling, jared leto, robin wright",185000000,hans zimmer,2017-10-04,2017-10-06,163,544508.0,0,science fiction,etats-unis,,R,ridley scott,denis villeneuve,32753122.0,658,sony pictures
blood ties,"marion cotillard, clive owen, mila kunis, matthias schoenaerts",25000000,pas de compositeur,2013-10-30,2014-03-21,144,165884.0,0,thriller,etats-unis,tous publics,R,alain attal,guillaume canet,26912.0,433,mars distribution
"bowfinger, roi d'hollywood","steve martin, eddie murphy, heather graham, robert downey jr",55000000,pas de compositeur,1999-11-10,1999-08-13,98,152111.0,0,comédie,etats-unis,tous publics,PG,brian grazer,frank oz,18062550.0,328,uip
captain america,"chris evans, tommy lee jones, samuel l. jackson",140000000,alan silvestri,2011-08-17,2011-07-22,125,444480.0,1,comicbook,etats-unis,tous publics,PG,kevin feige,joe johnston,65058524.0,500,paramount
"captain america, le soldat de l'hiver","chris evans, scarlett johansson, samuel l. jackson, robert redford",170000000,pas de compositeur,2014-03-26,2014-04-04,136,769959.0,1,comicbook,etats-unis,tous publics,PG,kevin feige,- russo (brothers),95023721.0,664,walt disney pictures
captain america: civil war,"chris evans, robert downey jr, chadwick boseman, don cheadle, tom holland, scarlett johansson, jeremy renner, paul rudd",215000000,pas de compositeur,2016-04-27,2016-05-06,146,1354401.0,1,comicbook,etats-unis,tous publics,PG,kevin feige,- russo (brothers),179139142.0,782,walt disney pictures
cartel,"javier bardem, penelope cruz, cameron diaz, michael fassbender, brad pitt",25000000,pas de compositeur,2013-11-13,2013-10-25,111,343622.0,0,thriller,etats-unis,tous publics,R,ridley scott,ridley scott,7842930.0,409,20th century fox
casper,"bill pullman, christina ricci, clint eastwood, mel gibson, dan aykroyd",55000000,james horner,1995-10-04,1995-05-26,100,395424.0,0,film familial,etats-unis,tous publics,PG,steven spielberg,brad silberling,16840385.0,323,uip
chasse à l'homme,jean-claude van damme,15000000,pas de compositeur,1993-11-17,1993-08-20,96,270535.0,0,aventure - action,etats-unis,moins de 12 ans,R,sam raimi,john woo,10106500.0,301,uip
cheval de guerre,"niels arestrup, benedict cumberbatch, emily watson",66000000,john williams,2012-02-22,2011-12-25,146,320448.0,0,guerre,etats-unis,tous publics,PG,steven spielberg,steven spielberg,7515402.0,425,walt disney pictures
complots,"mel gibson, julia roberts",75000000,pas de compositeur,1997-08-20,1997-08-08,135,456461.0,0,aventure - action,etats-unis,tous publics,R,joel silver,richard donner,19313566.0,464,warner bros.
confessions d'une accro au shopping,kristin scott thomas,55000000,james newton howard,2009-05-20,2009-02-13,112,207149.0,0,comédie,etats-unis,tous publics,PG,jerry brukheimer,p.j. hogan,15066360.0,288,walt disney pictures
constantine,"keanu reeves, rachel weisz, shia labeouf",100000000,brian tyler,2005-02-16,2005-02-18,121,555362.0,0,comicbook,etats-unis,moins de 12 ans,R,lorenzo di bonaventura,francis lawrence,29769098.0,491,warner bros.
copains pour toujours,"adam sandler, kevin james, chris rock, salma hayek, steve buscemi",80000000,pas de compositeur,2010-09-08,2010-06-25,95,106408.0,0,comédie,etats-unis,tous publics,PG,adam sandler,dennis dugan,40506562.0,187,sony pictures
copains pour toujours 2,"adam sandler, kevin james, chris rock, salma hayek",80000000,pas de compositeur,2013-09-11,2013-07-12,101,72381.0,0,comédie,etats-unis,tous publics,PG,adam sandler,dennis dugan,41508572.0,185,sony pictures
course à la mort,jason statham,45000000,pas de compositeur,2008-10-15,2008-08-22,89,95769.0,0,science fiction,etats-unis,tous publics,R,paula wagner,paul w.s. anderson,12621090.0,148,universal
cowboys & envahisseurs,"harrison ford, daniel craig, paul dano, sam rockwell",163000000,pas de compositeur,2011-08-24,2011-07-29,117,453467.0,0,science fiction,etats-unis,tous publics,PG,steven spielberg,jon favreau,36431290.0,480,paramount
crazy amy,daniel radcliffe,35000000,pas de compositeur,2015-11-18,2015-07-17,125,39574.0,0,comédie,etats-unis,tous publics,R,judd apatow,judd apatow,30097040.0,104,universal
da vinci code,"tom hanks, audrey tautou, jean reno, ian mckellen, denis podalydès",125000000,hans zimmer,2006-05-17,2006-05-19,149,1707373.0,1,thriller,etats-unis,tous publics,R,brian grazer,ron howard,77073388.0,885,gaumont sony
danny the dog,"morgan freeman, jet li",33945816,pas de compositeur,2005-02-02,2005-05-13,103,350054.0,0,aventure - action,france,moins de 12 ans,R,luc besson,louis leterrier,10900901.0,480,europacorp
de l'ombre à la lumière,"russell crowe, paul giamatti, renee zellweger",88000000,thomas newman,2005-09-14,2005-06-03,144,167074.0,0,drame,etats-unis,,PG,brian grazer,ron howard,18320205.0,404,walt disney pictures
deep impact,"tea leoni, morgan freeman, robert duvall, elijah wood",75000000,james horner,1998-05-27,1998-05-08,120,464802.0,0,science fiction,etats-unis,,PG,steven spielberg,mimi leder,41152375.0,499,uip
deepwater,"mark wahlberg, kate hudson, john malkovich, kurt russell",110000000,pas de compositeur,2016-10-12,2016-09-30,107,174284.0,0,catastrophe,etats-unis,tous publics,PG,lorenzo di bonaventura,peter berg,20223544.0,323,snd
deja vu,"denzel washington, jim caviezel, val kilmer, elle fanning",80000000,pas de compositeur,2006-12-13,2006-11-22,128,261617.0,0,thriller,etats-unis,tous publics,PG,jerry brukheimer,tony scott,20574802.0,447,walt disney pictures
diablesse,jack black,22000000,pas de compositeur,2001-09-12,2001-02-09,90,22938.0,0,romance,etats-unis,tous publics,PG,neal h. moritz,dennis dugan,7411852.0,-1,-
doctor strange in the multiverse of madness,benedict cumberbatch,200000000,pas de compositeur,2022-05-04,2022-05-06,126,1438287.0,1,comicbook,etats-unis,tous publics,PG,kevin feige,sam raimi,187420998.0,619,walt disney pictures
du plomb dans la tête,"sylvester stallone, christian slater",40000000,pas de compositeur,2013-02-27,2013-02-01,91,98210.0,0,aventure - action,etats-unis,moins de 12 ans,R,joel silver,walter hill,4548201.0,241,metropolitan
dunkerque,"kenneth branagh, tom hardy, cillian murphy",150000000,hans zimmer,2017-07-19,2017-07-21,106,925204.0,0,guerre,etats-unis,tous publics,PG,christopher nolan,christopher nolan,50513488.0,668,warner bros.
et l'extra-terrestre (20th anniversary),drew barrymore,10500000,john williams,2002-04-03,2002-03-22,120,181620.0,0,fantasy,etats-unis,tous publics,PG,steven spielberg,steven spielberg,14223110.0,396,uip
effets secondaires,"channing tatum, jude law, rooney mara, catherine zeta jones",30000000,thomas newman,2013-04-03,2013-02-08,106,198310.0,0,thriller,etats-unis,tous publics,R,lorenzo di bonaventura,steven soderbergh,9303145.0,208,arp selection
en cloque mode d'emploi,"katherine heigl, seth rogen, paul rudd, jonah hill, jason segel, jessica alba, steve carell, james franco, eva mendes, kristen wiig",30000000,pas de compositeur,2007-10-10,2007-06-01,129,117583.0,0,comédie,etats-unis,tous publics,R,judd apatow,judd apatow,30690990.0,344,paramount
en direct sur edtv,"matthew mcconaughey, woody harrelson",60000000,pas de compositeur,1999-06-16,1999-03-26,123,86057.0,0,comédie,etats-unis,tous publics,PG,brian grazer,ron howard,8311290.0,299,uip
en eaux troubles (2018),jason statham,130000000,pas de compositeur,2018-08-22,2018-08-10,114,710798.0,1,aventure - action,etats-unis,tous publics,PG,lorenzo di bonaventura,jon turteltaub,45402195.0,428,warner bros.
ennemi d'etat,"will smith, gene hackman, jack black, jon voight, gabriel byrne",90000000,pas de compositeur,1999-01-06,1998-11-20,133,605801.0,0,aventure - action,etats-unis,tous publics,R,jerry brukheimer,tony scott,20038573.0,500,gbvi
"ensemble, c'est tout","audrey tautou, guillaume canet",12215023,pas de compositeur,2007-03-21,,97,657191.0,0,romance,france,tous publics, ,claude berri,claude berri,,389,pathé
evan tout puissant,"steve carell, morgan freeman, john goodman, jonah hill",175000000,pas de compositeur,2007-08-15,2007-06-22,96,150994.0,1,comédie,etats-unis,tous publics,PG,neal h. moritz,tom shadyac,31192615.0,395,paramount
evolution,"sean william scott, julianne moore, dan aykroyd",80000000,pas de compositeur,2001-07-18,2001-06-08,102,399608.0,0,comédie,etats-unis,tous publics,PG,steven spielberg,ivan reitman,13408351.0,539,columbia
exodus: gods and kings,"christian bale, sigourney weaver",140000000,pas de compositeur,2014-12-24,2014-12-12,150,783838.0,0,péplum,etats-unis,tous publics,PG,ridley scott,ridley scott,24115934.0,544,20th century fox
fanfan la tulipe,"penelope cruz, vincent perez, didier bourdon, jean rochefort",21740000,pas de compositeur,2003-05-14,2003-08-08,95,473568.0,0,comédie,france,tous publics, ,luc besson,gérard krawczyk,,730,europacorp
fashion victime,"patrick dempsey, reese witherspoon, dakota fanning",30000000,pas de compositeur,2002-12-11,2002-09-27,109,86639.0,0,romance,etats-unis,,PG,neal h. moritz,andy tennant,35648740.0,186,gbvi
fast & furious 3: tokyo drift,vin diesel,85000000,brian tyler,2006-07-19,2006-06-16,90,320808.0,1,aventure - action,etats-unis,, ,neal h. moritz,justin lin,23973840.0,448,uip
fast & furious 4,"vin diesel, paul walker, gal gadot",85000000,brian tyler,2009-04-08,2009-04-03,99,1020741.0,1,aventure - action,etats-unis,tous publics,PG,neal h. moritz,justin lin,70950500.0,488,universal
fast & furious 5,"vin diesel, paul walker, dwayne johnson, gal gadot, eva mendes",125000000,brian tyler,2011-05-04,2011-04-29,130,1179765.0,1,aventure - action,etats-unis,tous publics,PG,neal h. moritz,justin lin,86198765.0,500,universal
fast & furious 6,"vin diesel, dwayne johnson, paul walker, luke evans, gal gadot, jason statham",160000000,brian tyler,2013-05-22,2013-05-24,130,1546806.0,1,aventure - action,etats-unis,tous publics,PG,neal h. moritz,justin lin,97375245.0,624,universal
fast & furious 7,"vin diesel, paul walker, dwayne johnson, kurt russell, jason statham, luke evans",190000000,brian tyler,2015-04-01,2015-04-03,140,2158508.0,1,aventure - action,etats-unis,tous publics,PG,neal h. moritz,james wan,147187040.0,710,universal
fast & furious 8,"vin diesel, dwayne johnson, charlize theron, helen mirren, kurt russell, jason statham, luke evans",250000000,brian tyler,2017-04-12,2017-04-14,136,1861108.0,1,aventure - action,etats-unis,tous publics,PG,neal h. moritz,f. gary gray,98786705.0,713,universal
fast & furious 9,"vin diesel, helen mirren, kurt russell, charlize theron",200000000,brian tyler,2021-07-14,2021-06-25,143,1301589.0,1,aventure - action,etats-unis,tous publics,PG,vin diesel,justin lin,70043165.0,756,universal
fast & furious x,"vin diesel, jason statham, helen mirren, charlize theron, gal gadot",340000000,brian tyler,2023-05-17,2023-05-19,141,1140846.0,1,aventure - action,etats-unis,tous publics,PG,neal h. moritz,louis leterrier,67017410.0,813,universal
fast and furious,"vin diesel, paul walker",38000000,pas de compositeur,2001-09-26,2001-06-22,107,378261.0,1,aventure - action,etats-unis,tous publics,PG,neal h. moritz,rob cohen,40089015.0,397,uip
faubourg 36,"clovis cornillac, gérard jugnot, kad merad, pierre richard",28836885,pas de compositeur,2008-09-24,2009-04-03,120,438976.0,0,comédie,france,tous publics,PG,jacques perrin,christophe barratier,44690.0,594,pathé
first man - le premier homme sur la lune,ryan gosling,59000000,pas de compositeur,2018-10-17,2018-10-12,140,318668.0,0,drame,etats-unis,,PG,steven spielberg,damien chazelle,16006065.0,449,universal
from paris with love,"jonathan rhys meyers, john travolta",42000000,pas de compositeur,2010-02-17,2010-02-05,92,201554.0,0,aventure - action,france,tous publics,R,luc besson,pierre morel,8158860.0,437,europacorp
frost nixon l'heure de vérité,"kevin bacon, sam rockwell",25000000,hans zimmer,2009-04-01,2009-01-23,122,31005.0,0,drame,etats-unis,tous publics,R,brian grazer,ron howard,3022250.0,80,studiocanal
funny people,"adam sandler, seth rogen, eric bana, jonah hill",75000000,pas de compositeur,2009-10-07,2009-07-31,136,34650.0,0,comédie,etats-unis,tous publics,R,judd apatow,judd apatow,22657780.0,114,universal
furtif,"jessica biel, jamie foxx",100000000,pas de compositeur,2005-08-24,2005-07-29,121,185384.0,0,aventure - action,etats-unis,,PG,neal h. moritz,rob cohen,13251545.0,404,gaumont sony
g.i. joe - le réveil du cobra,"channing tatum, joseph gordon-levitt, dennis quaid, marlon wayans, brendan fraser",175000000,alan silvestri,2009-08-05,2009-08-07,118,463111.0,1,aventure - action,etats-unis,tous publics,PG,lorenzo di bonaventura,stephen sommers,54713046.0,514,paramount
gemini man,"will smith, clive owen",138000000,pas de compositeur,2019-10-02,2019-10-11,117,360006.0,0,science fiction,etats-unis,tous publics,PG,jerry brukheimer,ang lee,20552372.0,513,paramount
germinal,"gérard depardieu, miou-miou, yolande moreau",6161776,pas de compositeur,1993-09-29,,160,866956.0,0,drame,france,, ,claude berri,claude berri,,314,amlf
godzilla,"jean reno, matthew broderick",125000000,pas de compositeur,1998-09-16,1998-05-20,140,1127486.0,0,aventure - action,etats-unis,tous publics,PG,dean devlin,roland emmerich,44047541.0,659,columbia
gothika,"halle berry, robert downey jr, penelope cruz",40000000,pas de compositeur,2004-01-07,2003-11-21,100,462828.0,0,thriller,etats-unis,moins de 12 ans,R,joel silver,mathieu kassovitz,19288438.0,412,columbia
gunman,"idris elba, sean penn, javier bardem",40000000,pas de compositeur,2015-06-24,2015-03-20,115,105835.0,0,aventure - action,etats-unis,moins de 12 ans,R,joel silver,pierre morel,5028702.0,370,studiocanal
hancock,"will smith, charlize theron, jason bateman",150000000,pas de compositeur,2008-07-09,2008-07-02,92,1265163.0,0,comicbook,etats-unis,tous publics,PG,will smith,peter berg,62603879.0,739,sony pictures
hannibal,"anthony hopkins, julianne moore, ray liotta, gary oldman",87000000,hans zimmer,2001-02-28,2001-02-09,131,1197707.0,1,thriller,etats-unis,moins de 12 ans,R,ridley scott,ridley scott,58003121.0,597,uip
hantise,"liam neeson, owen wilson, catherine zeta jones",80000000,jerry goldsmith,1999-10-27,1999-07-23,113,430531.0,0,horreur,etats-unis,tous publics,PG,steven spielberg,jan de bont,33435140.0,393,uip
harcelés,samuel l. jackson,22000000,pas de compositeur,2008-10-01,2008-09-19,111,140811.0,0,thriller,etats-unis,tous publics,PG,will smith,neil labute,15004672.0,189,sony pictures
hitch expert en séduction,"kevin james, eva mendes, will smith",70000000,pas de compositeur,2005-03-16,2005-02-11,118,861055.0,0,romance,etats-unis,,PG,will smith,andy tennant,43142214.0,495,gaumont sony
house of gucci,"adam driver, camille cottin, salma hayek, jeremy irons, jared leto, al pacino",75000000,pas de compositeur,2021-11-24,2021-11-24,157,293474.0,0,drame,etats-unis,tous publics,R,ridley scott,ridley scott,14423794.0,401,universal
hulk,"eric bana, jennifer connelly, nick nolte",137000000,danny elfman,2003-07-02,2003-06-20,140,815461.0,1,comicbook,etats-unis,,PG,kevin feige,ang lee,62128420.0,796,uip
"i, robot","will smith, shia labeouf",120000000,pas de compositeur,2004-07-28,2004-07-16,120,788519.0,0,science fiction,etats-unis,tous publics,PG,will smith,alex proyas,52179887.0,749,ufd
il faut sauver le soldat ryan,"tom hanks, vin diesel, matt damon, paul giamatti, bryan cranston",70000000,john williams,1998-09-30,1998-07-24,170,1057672.0,0,guerre,etats-unis,tous publics,R,steven spielberg,steven spielberg,30576104.0,581,uip
in her shoes,"cameron diaz, toni collette",-1,pas de compositeur,2005-11-16,2005-10-07,130,142353.0,0,drame,etats-unis,,PG,ridley scott,curtis hanson,10017575.0,315,20th century fox
inception,"leonardo dicaprio, marion cotillard, michael caine, joseph gordon-levitt, tom hardy, cillian murphy, ellen page",160000000,hans zimmer,2010-07-21,2010-07-16,148,1305534.0,0,science fiction,etats-unis,tous publics,PG,christopher nolan,christopher nolan,62785337.0,626,warner bros.
inception (10th anniversary),"marion cotillard, leonardo dicaprio, michael caine, joseph gordon-levitt, tom hardy, cillian murphy, ellen page",160000000,hans zimmer,2020-08-12,2020-08-21,148,29323.0,0,science fiction,etats-unis,tous publics,PG,christopher nolan,christopher nolan,,169,warner bros.
independence day,"will smith, bill pullman, jeff goldblum",75000000,pas de compositeur,1996-10-02,1996-07-03,140,1941238.0,1,science fiction,etats-unis,tous publics,PG,dean devlin,roland emmerich,50228264.0,593,ufd
independence day resurgence,"jeff goldblum, charlotte gainsbourg, bill pullman",165000000,pas de compositeur,2016-07-20,2016-06-24,120,666332.0,1,science fiction,etats-unis,tous publics,PG,dean devlin,roland emmerich,41039944.0,606,20th century fox
indiana jones et la dernière croisade,"sean connery, harrison ford",48000000,john williams,1989-10-18,1989-05-24,127,1314450.0,1,aventure - action,etats-unis,tous publics,PG,george lucas,steven spielberg,29355021.0,-1,uip
indiana jones et le cadran de la destinée,"harrison ford, antonio banderas, mads mikkelsen",295000000,john williams,2023-06-28,2023-06-30,154,1089875.0,1,aventure - action,etats-unis,tous publics,PG,steven spielberg,james mangold,60368101.0,689,walt disney pictures
indiana jones et le royaume du crane de cristal,"harrison ford, shia labeouf, cate blanchett",185000000,john williams,2008-05-21,2008-05-22,125,1674041.0,1,aventure - action,etats-unis,tous publics,PG,george lucas,steven spielberg,100137835.0,900,paramount
indiana jones et le temple maudit,"harrison ford, dan aykroyd",28000000,john williams,1984-09-12,1984-05-23,118,1629779.0,1,aventure - action,etats-unis,tous publics,PG,george lucas,steven spielberg,25337110.0,-1,cic
inferno,"tom hanks, omar sy",75000000,hans zimmer,2016-11-09,2016-10-28,121,464722.0,1,thriller,etats-unis,tous publics,PG,brian grazer,ron howard,14860425.0,566,sony pictures
inside man,"jodie foster, denzel washington, clive owen, willem dafoe",45000000,pas de compositeur,2006-04-12,2006-03-24,129,452311.0,0,thriller,etats-unis,tous publics,R,brian grazer,spike lee,28954945.0,341,uip
insidious,rose byrne,1500000,pas de compositeur,2011-06-15,2011-04-01,98,193688.0,1,horreur,etats-unis,moins de 12 ans,PG,jason blum,james wan,13271464.0,226,wild bunch
insidious : chapitre 2,rose byrne,5000000,pas de compositeur,2013-10-02,2013-09-13,105,168871.0,1,horreur,etats-unis,moins de 12 ans,PG,jason blum,james wan,40272103.0,240,sony pictures
interstellar,"anne hathaway, matthew mcconaughey, casey affleck, michael caine, jessica chastain, matt damon, timothée chalamet",165000000,hans zimmer,2014-11-05,2014-11-07,169,1071360.0,0,science fiction,etats-unis,tous publics,PG,christopher nolan,christopher nolan,47510360.0,747,warner bros.
intolérable cruauté,"george clooney, geoffrey rush, catherine zeta jones, billy bob thornton",60000000,pas de compositeur,2003-11-19,2003-10-10,100,563086.0,0,comédie,etats-unis,tous publics,PG,brian grazer,joel coen,12525075.0,456,uip
iron man,"robert downey jr, jeff bridges, gwyneth paltrow, samuel l. jackson",140000000,pas de compositeur,2008-04-30,2008-05-02,130,866316.0,1,comicbook,etats-unis,tous publics,PG,kevin feige,jon favreau,98618668.0,667,snd
iron man 2,"robert downey jr, don cheadle, mickey rourke, samuel l. jackson, scarlett johansson, gwyneth paltrow, sam rockwell",200000000,pas de compositeur,2010-04-28,2010-05-07,125,1216314.0,1,comicbook,etats-unis,tous publics,PG,kevin feige,jon favreau,128122480.0,722,paramount
iron man 3,"robert downey jr, gwyneth paltrow, don cheadle, guy pearce",200000000,brian tyler,2013-04-24,2013-05-03,130,2064740.0,1,comicbook,etats-unis,tous publics,PG,kevin feige,shane black,174144585.0,740,walt disney pictures
j. edgar,"leonardo dicaprio, judi dench, naomi watts, adam driver",35000000,pas de compositeur,2012-01-11,2011-11-11,137,627624.0,0,drame,etats-unis,tous publics,R,brian grazer,clint eastwood,11217324.0,477,warner bros.
jack reacher,"tom cruise, rosamund pike, robert duvall",60000000,pas de compositeur,2012-12-26,2012-12-21,131,642306.0,0,aventure - action,etats-unis,tous publics,PG,tom cruise,christopher mcquarrie,15210156.0,544,paramount
jack reacher 2,tom cruise,60000000,pas de compositeur,2016-10-19,2016-10-21,118,489442.0,0,thriller,etats-unis,tous publics,PG,tom cruise,edward zwick,22872490.0,480,paramount
jack et julie,"adam sandler, gad elmaleh, al pacino",79000000,pas de compositeur,2012-01-25,2011-11-11,91,54296.0,0,comédie,etats-unis,tous publics,PG,adam sandler,dennis dugan,25003575.0,137,sony pictures
jack le tueur de géants,ewan mcgregor,195000000,pas de compositeur,2013-03-27,2013-03-01,110,300004.0,0,fantasy,etats-unis,tous publics,PG,neal h. moritz,bryan singer,27202226.0,489,warner bros.
je suis une légende,will smith,150000000,james newton howard,2007-12-19,2007-12-14,100,1096518.0,0,science fiction,etats-unis,tous publics,PG,neal h. moritz,francis lawrence,77211321.0,621,warner bros.
jeanne d'arc,"milla jovovich, vincent cassel, dustin hoffman, john malkovich",54900000,eric serra,1999-10-27,1999-11-12,160,1017149.0,0,aventure - action,france,tous publics,R,luc besson,luc besson,6360968.0,590,gbvi
jurassic park,"samuel l. jackson, jeff goldblum, sam neill",63000000,john williams,1993-10-20,1993-06-11,127,2256688.0,1,aventure - action,etats-unis,tous publics,PG,kathleen kennedy,steven spielberg,47026828.0,579,uip
jurassic park (3d),"jeff goldblum, samuel l. jackson, sam neill",10000000,john williams,2013-05-01,2013-04-05,127,115141.0,1,aventure - action,etats-unis,tous publics,PG,kathleen kennedy,steven spielberg,18620145.0,178,uip
jurassic park iii,"william h. macy, tea leoni, sam neill",92000000,pas de compositeur,2001-08-08,2001-07-18,92,900178.0,1,aventure - action,etats-unis,tous publics,PG,steven spielberg,joe johnston,50771645.0,702,uip
jurassic world,"bryce dallas howard, chris pratt, omar sy",150000000,pas de compositeur,2015-06-10,2015-06-12,124,2087959.0,1,aventure - action,etats-unis,tous publics,PG,frank marshall,colin trevorrow,208806270.0,859,universal
jurassic world: fallen kingdom,"chris pratt, bryce dallas howard, jeff goldblum",170000000,pas de compositeur,2018-06-06,2018-06-22,129,1396911.0,1,aventure - action,etats-unis,tous publics,PG,steven spielberg,juan antonio bayona,148024610.0,903,universal
jurassic world: le monde d'après,"jeff goldblum, bryce dallas howard, chris pratt, sam neill, omar sy",165000000,pas de compositeur,2022-06-08,2022-06-10,147,1299065.0,1,aventure - action,etats-unis,tous publics,PG,frank marshall,colin trevorrow,145075625.0,749,universal
justice league,"ben affleck, henry cavill, gal gadot, jared leto, amy adams, willem dafoe, jeremy irons, jesse eisenberg, diane lane",280000000,danny elfman,2017-11-15,2017-11-17,120,834493.0,0,comicbook,etats-unis,tous publics,PG,christopher nolan,zack snyder,93842239.0,687,warner bros.
kick ass,"nicolas cage, chloë grace moretz",30000000,pas de compositeur,2010-04-21,2010-04-16,117,291506.0,0,comicbook,etats-unis,tous publics,R,brad pitt,matthew vaughn,19828687.0,371,metropolitan
kingdom of heaven,"orlando bloom, liam neeson, brendan gleeson, eva green, jeremy irons, edward norton",130000000,pas de compositeur,2005-05-04,2005-05-06,145,586771.0,0,aventure - action,etats-unis,,R,ridley scott,ridley scott,19635996.0,491,pathé
"kiss kiss, bang bang","robert downey jr, val kilmer",15000000,pas de compositeur,2005-09-14,2005-10-21,102,154354.0,0,comédie,etats-unis,tous publics,R,joel silver,shane black,180660.0,225,warner bros.
l'agence tous risques,"bradley cooper, liam neeson, jessica biel",110000000,alan silvestri,2010-06-16,2010-06-11,117,469720.0,0,aventure - action,etats-unis,tous publics,PG,ridley scott,joe carnahan,25669455.0,621,20th century fox
l'amant,melvil poupaud,-1,pas de compositeur,1992-01-22,1992-10-30,112,626891.0,0,romance,france,,R,claude berri,jean-jacques annaud,,-1,amlf
l'an 1 : des débuts difficiles,jack black,60000000,pas de compositeur,2009-08-12,2009-06-19,100,24954.0,0,comédie,etats-unis,tous publics,PG,judd apatow,harold ramis,19610304.0,92,sony pictures
l'apprenti sorcier,"nicolas cage, monica bellucci",150000000,pas de compositeur,2010-08-11,2010-07-14,111,738442.0,0,fantasy,etats-unis,tous publics,PG,jerry brukheimer,jon turteltaub,17619622.0,534,walt disney pictures
l'arme fatale 4,"mel gibson, danny glover, joe pesci, jet li, chris rock, rene russo",140000000,pas de compositeur,1998-07-22,1998-07-10,120,1154667.0,1,aventure - action,etats-unis,moins de 12 ans,R,joel silver,richard donner,34048124.0,633,warner bros.
l'attaque des clones,"ewan mcgregor, samuel l. jackson, natalie portman, rose byrne",120000000,john williams,2002-05-17,2002-05-16,132,2002398.0,1,fantasy,etats-unis,tous publics,PG,george lucas,george lucas,80027814.0,836,ufd
l'echange,"angelina jolie, john malkovich",55000000,pas de compositeur,2008-11-12,2008-10-31,140,452651.0,0,thriller,etats-unis,tous publics,R,brian grazer,clint eastwood,9351560.0,417,universal
l'etrange histoire de benjamin button,"cate blanchett, brad pitt, elle fanning",150000000,alexandre desplat,2009-02-04,2008-12-25,168,826315.0,0,comédie dramatique,etats-unis,tous publics,PG,frank marshall,david fincher,26853816.0,566,warner bros.
l'homme qui voulait vivre sa vie,"romain duris, marina foïs, niels arestrup, catherine deneuve",9825916,pas de compositeur,2010-11-03,2012-10-12,115,454568.0,0,thriller,france,tous publics, ,pierre-ange le pogam,eric lartigau,13760.0,350,europacorp
l'immortel,"marina foïs, kad merad, jean reno, richard berry, jean-pierre darroussin",19996567,pas de compositeur,2010-03-24,,115,475510.0,0,thriller,france,moins de 12 ans, ,luc besson,richard berry,,500,europacorp
l'incroyable hulk,"edward norton, liv tyler",125000000,pas de compositeur,2008-07-23,2008-06-13,114,517088.0,1,comicbook,etats-unis,tous publics,PG,kevin feige,louis leterrier,55414050.0,679,snd
l'oeil du mal,"shia labeouf, billy bob thornton",80000000,brian tyler,2008-12-24,2008-09-26,118,176480.0,0,thriller,etats-unis,tous publics,PG,steven spielberg,d.j. caruso,29150721.0,294,paramount
la chute du faucon noir,"josh hartnett, eric bana, ewan mcgregor, orlando bloom, tom hardy",95000000,hans zimmer,2002-02-20,2002-01-18,143,299043.0,0,guerre,etats-unis,moins de 12 ans,R,jerry brukheimer,ridley scott,28611736.0,536,columbia
la famille foldingue,eddie murphy,65000000,pas de compositeur,2000-08-30,2000-07-28,106,327112.0,1,film familial,etats-unis,tous publics,PG,brian grazer,peter segal,42518830.0,498,uip
la famille pierrafeu,"john goodman, halle berry",46000000,pas de compositeur,1994-07-20,1994-05-27,91,165655.0,0,film familial,etats-unis,tous publics,PG,steven spielberg,brian levant,29688730.0,265,uip
la guerre des mondes,"tom cruise, dakota fanning, tim robbins",132000000,john williams,2005-07-06,2005-06-29,117,1700096.0,0,science fiction,etats-unis,tous publics,PG,paula wagner,steven spielberg,64878725.0,848,uip
la guerre des étoiles,harrison ford,11000000,john williams,1977-10-19,1977-07-15,121,217966.0,1,fantasy,etats-unis,tous publics,PG,george lucas,george lucas,6806951.0,-1,uip
la guerre des étoiles (special edition),harrison ford,11000000,john williams,1997-03-12,1997-01-31,121,513896.0,1,fantasy,etats-unis,tous publics,PG,george lucas,george lucas,35906661.0,404,ufd
la liste de schindler,"ralph fiennes, liam neeson",22000000,john williams,1994-03-02,1994-02-04,195,273316.0,0,drame,etats-unis,tous publics,R,steven spielberg,steven spielberg,4637480.0,94,uip
la liste de schindler (rep. 2019),"ralph fiennes, liam neeson",22000000,john williams,2019-03-13,2018-12-07,195,6530.0,0,drame,etats-unis,tous publics,R,steven spielberg,steven spielberg,566760.0,-1,uip
la légende de zorro,"antonio banderas, catherine zeta jones",80000000,james horner,2005-10-26,2005-10-28,130,1122957.0,1,western,etats-unis,tous publics,PG,steven spielberg,martin campbell,16328506.0,686,gaumont sony
la maison du bonheur,"dany boon, michèle laroque",9400000,pas de compositeur,2006-06-07,,103,275370.0,0,comédie,france,tous publics, ,claude berri,dany boon,,407,pathé
la menace fantôme,"ewan mcgregor, liam neeson, natalie portman, samuel l. jackson, keira knightley",115000000,john williams,1999-10-13,1999-05-19,133,2257203.0,1,fantasy,etats-unis,tous publics,PG,george lucas,george lucas,64820970.0,793,ufd
la menace fantôme (3d),"ewan mcgregor, liam neeson, natalie portman, samuel l. jackson, keira knightley",115000000,john williams,2012-02-08,2012-02-10,133,296406.0,1,fantasy,etats-unis,tous publics,PG,george lucas,george lucas,22469932.0,330,ufd
la mort dans la peau,matt damon,75000000,pas de compositeur,2004-09-08,2004-07-23,108,479680.0,1,aventure - action,etats-unis,tous publics,PG,frank marshall,paul greengrass,52521865.0,477,uip
la mémoire dans la peau,"matt damon, clive owen",75000000,pas de compositeur,2002-09-25,2002-06-14,118,391761.0,1,aventure - action,etats-unis,,PG,frank marshall,doug liman,27118640.0,434,uip
la princesse et la grenouille,john goodman,105000000,pas de compositeur,2010-01-27,2009-12-11,95,876083.0,0,animation,etats-unis,tous publics,PG,john lasseter,ron clements,24208916.0,667,walt disney pictures
la rançon,"mel gibson, rene russo, liev schreiber, gary sinise",80000000,james horner,1997-01-22,1996-11-08,118,682241.0,0,aventure - action,etats-unis,,R,brian grazer,ron howard,34216088.0,450,gbvi
la revanche des sith,"ewan mcgregor, natalie portman, samuel l. jackson",113000000,john williams,2005-05-18,2005-05-19,146,3303005.0,1,fantasy,etats-unis,tous publics,PG,george lucas,george lucas,108435841.0,938,20th century fox
la vengeance dans la peau,matt damon,110000000,pas de compositeur,2007-09-12,2007-08-03,111,584326.0,1,aventure - action,etats-unis,tous publics,PG,frank marshall,paul greengrass,69283690.0,509,paramount
lame de fond,"jeff bridges, ryan phillippe",38000000,pas de compositeur,1996-07-17,1996-02-02,125,44487.0,0,aventure - action,etats-unis,tous publics,PG,ridley scott,ridley scott,3908514.0,90,ufd
le bon gros géant,dany boon,140000000,john williams,2016-07-20,2016-07-01,117,322157.0,0,fantasy,etats-unis,tous publics,PG,steven spielberg,steven spielberg,18775350.0,758,metropolitan
le chasseur de primes,"jennifer aniston, gerard butler",40000000,pas de compositeur,2010-04-14,2010-03-19,106,149251.0,0,comédie,etats-unis,tous publics,PG,neal h. moritz,andy tennant,20686423.0,271,sony pictures
le château ambulant,christian bale,24000000,pas de compositeur,2005-01-12,2005-06-10,119,345633.0,0,animation,japon,tous publics,PG,john lasseter,hayao miyazaki,427987.0,393,walt disney pictures
le crime de l'orient express (2017),"kenneth branagh, johnny depp, penelope cruz, willem dafoe, judi dench, michelle pfeiffer",55000000,pas de compositeur,2017-12-13,2017-11-10,114,351400.0,0,thriller,etats-unis,,PG,ridley scott,kenneth branagh,28681472.0,384,20th century fox
le dernier duel,"matt damon, adam driver, ben affleck",100000000,pas de compositeur,2021-10-13,2021-10-15,153,147221.0,0,aventure - action,etats-unis,moins de 12 ans,R,ridley scott,ridley scott,4759151.0,364,walt disney pictures
le dernier maître de l'air,dev patel,150000000,james newton howard,2010-07-28,2010-07-01,103,526009.0,0,aventure - action,etats-unis,tous publics,PG,frank marshall,m. night shyamalan,40325019.0,477,paramount
le dernier samouraï,tom cruise,140000000,hans zimmer,2004-01-14,2003-12-05,144,729476.0,0,aventure - action,etats-unis,,R,paula wagner,edward zwick,24271354.0,600,warner bros.
le dilemne,"vince vaughn, jennifer connelly, kevin james, winona ryder, - queen latifah, channing tatum",70000000,hans zimmer,2011-05-11,2011-01-14,118,6450.0,0,comédie,etats-unis,tous publics,PG,brian grazer,ron howard,17816230.0,-1,universal
le grinch,"jim carrey, anthony hopkins, bryce dallas howard",123000000,james horner,2000-12-06,2000-11-17,104,277456.0,0,comédie,etats-unis,tous publics,PG,brian grazer,ron howard,55082330.0,591,uip
le livre d'eli,"denzel washington, mila kunis, gary oldman",80000000,pas de compositeur,2010-01-20,2010-01-15,118,272763.0,0,aventure - action,etats-unis,tous publics,R,joel silver,albert hughes,32789494.0,378,metropolitan
le masque de zorro,"antonio banderas, anthony hopkins, catherine zeta jones",65000000,james horner,1998-10-14,1998-07-17,137,844801.0,1,aventure - action,etats-unis,tous publics,PG,steven spielberg,martin campbell,22525855.0,595,columbia
le monde de dory,"amy adams, franck dubosc, idris elba, diane keaton, mathilde seigner",200000000,thomas newman,2016-06-22,2016-06-17,103,1003479.0,0,animation,etats-unis,tous publics,PG,john lasseter,andrew stanton,135060273.0,750,walt disney pictures
le monde de nemo,"eric bana, franck dubosc, samy nacéri",90000000,thomas newman,2003-11-26,2003-05-30,101,2056621.0,0,animation,etats-unis,tous publics,G,john lasseter,lee unkrich,70251710.0,1,gbvi
le monde de nemo (en 3d),"eric bana, franck dubosc, samy nacéri",5000000,thomas newman,2013-01-16,2012-09-14,101,56546.0,0,animation,etats-unis,tous publics,G,john lasseter,lee unkrich,16687773.0,252,walt disney pictures
le monde perdu,"julianne moore, vince vaughn, jeff goldblum",73000000,john williams,1997-10-22,1997-05-23,129,1992899.0,1,aventure - action,etats-unis,tous publics,PG,kathleen kennedy,steven spielberg,72132785.0,656,uip
le mytho,"jennifer aniston, nicole kidman, adam sandler",80000000,pas de compositeur,2011-03-23,2011-02-11,110,126302.0,0,romance,etats-unis,tous publics,PG,adam sandler,dennis dugan,30514732.0,169,sony pictures
le pont des espions,tom hanks,40000000,thomas newman,2015-12-02,2015-10-16,132,289000.0,0,thriller,etats-unis,tous publics,PG,steven spielberg,steven spielberg,15371203.0,352,20th century fox
le prestige,"christian bale, michael caine, hugh jackman, scarlett johansson",40000000,pas de compositeur,2006-11-15,2006-10-20,128,122611.0,0,fantasy,etats-unis,tous publics,PG,christopher nolan,christopher nolan,14801808.0,282,warner bros.
le professeur foldingue,eddie murphy,54000000,pas de compositeur,1996-09-04,1996-06-28,95,561291.0,1,film familial,etats-unis,tous publics,PG,brian grazer,tom shadyac,25411725.0,271,uip
le roi arthur,"keira knightley, clive owen, mads mikkelsen",120000000,hans zimmer,2004-08-04,2004-07-07,126,634627.0,0,fantasy,etats-unis,tous publics,PG,jerry brukheimer,antoine fuqua,15193907.0,608,walt disney pictures
le terminal,"tom hanks, catherine zeta jones",60000000,john williams,2004-09-15,2004-06-18,128,475798.0,0,comédie,etats-unis,,PG,steven spielberg,steven spielberg,19053199.0,577,uip
le territoire des loups,liam neeson,35000000,pas de compositeur,2012-02-29,2012-01-27,117,176547.0,0,thriller,etats-unis,moins de 12 ans,R,ridley scott,joe carnahan,19665101.0,334,metropolitan
le transporteur,"françois berléand, jason statham",20920000,pas de compositeur,2002-10-23,2002-10-11,92,260706.0,1,aventure - action,france,tous publics,PG,luc besson,louis leterrier,9107816.0,508,europacorp
le transporteur 2,"jason statham, françois berléand",24584460,pas de compositeur,2005-08-03,2005-09-02,87,440512.0,1,aventure - action,france,tous publics,PG,luc besson,louis leterrier,16540720.0,510,europacorp
le transporteur iii,"jason statham, françois berléand",26634839,pas de compositeur,2008-11-26,2008-11-26,105,678945.0,1,aventure - action,france,tous publics,PG,luc besson,olivier megaton,12063452.0,535,europacorp
les ailes de l'enfer,"nicolas cage, steve buscemi, john cusack, john malkovich",75000000,pas de compositeur,1997-08-20,1997-06-06,110,445465.0,0,aventure - action,etats-unis,moins de 12 ans,R,jerry brukheimer,simon west,24131738.0,500,gbvi
les associés (2003),"nicolas cage, alison lohman, sam rockwell",29000000,hans zimmer,2003-09-17,2003-09-12,116,172372.0,0,comédie,etats-unis,,PG,ridley scott,ridley scott,13087307.0,406,warner bros.
les aventures de tintin : le secret de la licorne,"daniel craig, gad elmaleh, simon pegg",135000000,john williams,2011-10-26,2011-12-21,107,3158313.0,0,aventure - action,etats-unis,tous publics,PG,steven spielberg,steven spielberg,9720993.0,850,sony pictures
les aventures extraordinaires d'adèle blanc-sec,"mathieu amalric, louise bourgoin, gilles lellouche, jean-paul rouve",31940000,eric serra,2010-04-14,,107,642629.0,0,aventure - action,france,tous publics, ,luc besson,luc besson,,636,europacorp
les choristes,"françois berléand, gérard jugnot, kad merad",5330000,pas de compositeur,2004-03-17,2005-01-14,95,786220.0,0,comédie,france,tous publics,PG,jacques perrin,christophe barratier,127447.0,326,pathé
les chroniques de riddick,"vin diesel, judi dench",105000000,pas de compositeur,2004-08-18,2004-06-11,119,334301.0,1,science fiction,etats-unis,,PG,vin diesel,david twohy,24289165.0,397,uip
les disparues,"cate blanchett, tommy lee jones, aaron eckhart, val kilmer",65000000,james horner,2004-03-17,2003-11-26,137,71975.0,0,western,etats-unis,tous publics,R,brian grazer,ron howard,10833633.0,177,columbia
les gardiens de la galaxie,"chris pratt, glenn close, benicio del toro, john c. reilly, josh brolin, bradley cooper, vin diesel",170000000,tyler bates,2014-08-13,2014-08-01,121,873264.0,1,science fiction,etats-unis,tous publics,PG,kevin feige,james gunn,94320883.0,677,walt disney pictures
les gardiens de la galaxie 2,"chris pratt, kurt russell, sylvester stallone, bradley cooper, vin diesel",200000000,tyler bates,2017-04-26,2017-05-05,136,1401339.0,1,comicbook,etats-unis,tous publics,PG,kevin feige,james gunn,146510104.0,715,walt disney pictures
les indestructibles,"holly hunter, samuel l. jackson",92000000,pas de compositeur,2004-11-24,2004-11-05,115,1349086.0,1,animation,etats-unis,tous publics,PG,john lasseter,brad bird,70467623.0,960,walt disney pictures
les infiltrés,"leonardo dicaprio, matt damon, jack nicholson, alec baldwin, mark wahlberg",90000000,howard shore,2006-11-29,2006-10-06,149,616912.0,0,thriller,etats-unis,tous publics,R,brad pitt,martin scorsese,26887467.0,649,tfm distribution
les petits mouchoirs,"françois cluzet, marion cotillard, gilles lellouche, benoît magimel, valérie bonneton, jean dujardin, laurent lafitte",15268310,pas de compositeur,2010-10-20,,154,1369812.0,0,comédie dramatique,france,tous publics, ,alain attal,guillaume canet,,555,europacorp
les recettes du bonheur,"helen mirren, michel blanc",22000000,pas de compositeur,2014-09-10,2014-08-08,122,92995.0,0,drame,etats-unis,tous publics,PG,steven spielberg,lasse hallstrom,10979290.0,297,metropolitan
"les rivières pourpres 2, les anges de l'apocalypse","jean reno, benoît magimel, johnny hallyday",20970000,pas de compositeur,2004-02-18,2004-08-27,100,908719.0,1,thriller,france,moins de 12 ans, ,luc besson,olivier dahan,,650,europacorp
lincoln,"daniel day-lewis, sally field, joseph gordon-levitt, tommy lee jones, adam driver",65000000,john williams,2013-01-30,2012-11-16,145,437768.0,0,drame,etats-unis,tous publics,PG,steven spielberg,steven spielberg,21049406.0,312,20th century fox
lone ranger,"johnny depp, helena bonham carter",215000000,hans zimmer,2013-08-07,2013-07-03,135,544062.0,0,western,etats-unis,tous publics,PG,jerry brukheimer,gore verbinski,29210849.0,714,walt disney pictures
lucy,"scarlett johansson, morgan freeman",49006310,eric serra,2014-08-06,2014-07-25,88,1941424.0,0,science fiction,france,tous publics,R,luc besson,luc besson,43899340.0,615,europacorp
léon,"natalie portman, jean reno, samy nacéri, gary oldman",17500000,eric serra,1994-09-14,1994-11-18,103,792836.0,0,aventure - action,france,moins de 12 ans,R,luc besson,luc besson,5306558.0,255,gbvi
ma femme est une actrice,"yvan attal, charlotte gainsbourg, ludivine sagnier, gilles lellouche, roschdy zem",5900000,pas de compositeur,2001-11-14,2002-07-12,90,255897.0,0,comédie,france,tous publics, ,claude berri,yvan attal,,238,pathé
ma vie de chat,"jennifer garner, kevin spacey, christopher walken",30000000,pas de compositeur,2016-08-03,2016-08-05,87,141432.0,0,film familial,etats-unis,tous publics,PG,luc besson,barry sonnenfeld,6249915.0,345,europacorp
mal de pierres,marion cotillard,10298270,pas de compositeur,2016-10-19,2017-07-28,116,283843.0,0,drame,france,tous publics, ,alain attal,nicole garcia,4473.0,335,studiocanal
malavita,"robert de niro, tommy lee jones, michelle pfeiffer",28373701,pas de compositeur,2013-10-23,2013-09-13,111,471021.0,0,aventure - action,france,tous publics,R,luc besson,luc besson,14034764.0,460,europacorp
man of steel,"amy adams, henry cavill, kevin costner, diane lane, russell crowe, laurence fishburne",225000000,hans zimmer,2013-06-19,2013-06-14,143,1054552.0,0,comicbook,etats-unis,tous publics,PG,christopher nolan,zack snyder,116619362.0,862,warner bros.
marvel's the avengers,"robert downey jr, scarlett johansson, chris hemsworth, jeremy renner, mark ruffalo, chris evans, samuel l. jackson, gwyneth paltrow",220000000,alan silvestri,2012-04-25,2012-05-04,142,2041362.0,1,comicbook,etats-unis,tous publics,PG,kevin feige,joss whedon,207438708.0,668,walt disney pictures
matrix,"keanu reeves, laurence fishburne, carrie-anne moss",63000000,pas de compositeur,1999-06-23,1999-03-31,136,1778279.0,1,science fiction,etats-unis,tous publics,R,joel silver,wachowski (brothers),27788331.0,656,warner bros.
matrix reloaded,"keanu reeves, carrie-anne moss, laurence fishburne, monica bellucci, lambert wilson",127000000,pas de compositeur,2003-05-16,2003-05-15,138,2112676.0,1,science fiction,etats-unis,,R,joel silver,wachowski (brothers),91774413.0,857,warner bros.
matrix revolutions,"keanu reeves, carrie-anne moss, laurence fishburne, monica bellucci, lambert wilson",150000000,pas de compositeur,2003-11-05,2003-11-05,129,2121172.0,1,science fiction,etats-unis,,R,joel silver,wachowski (brothers),48475154.0,859,warner bros.
mayday,gerard butler,25000000,pas de compositeur,2023-01-25,2023-01-13,107,160006.0,0,aventure - action,etats-unis,tous publics,R,lorenzo di bonaventura,jean-francois richet,10265326.0,399,metropolitan
men in black,"will smith, linda fiorentino, tommy lee jones",90000000,danny elfman,1997-08-06,1997-07-02,98,1629217.0,1,science fiction,etats-unis,tous publics,PG,steven spielberg,barry sonnenfeld,51068455.0,552,columbia
men in black 3,"will smith, josh brolin, tommy lee jones, emma thompson",225000000,danny elfman,2012-05-23,2012-05-25,106,802879.0,1,science fiction,etats-unis,tous publics,PG,steven spielberg,barry sonnenfeld,54592779.0,782,sony pictures
men in black ii,"tommy lee jones, will smith, johnny knoxville",97000000,danny elfman,2002-08-07,2002-07-03,88,2141755.0,1,science fiction,etats-unis,tous publics,PG,steven spielberg,barry sonnenfeld,52148751.0,795,columbia
mensonges d'etat,"russell crowe, leonardo dicaprio",70000000,pas de compositeur,2008-11-05,2008-10-10,128,453376.0,0,thriller,etats-unis,tous publics,R,ridley scott,ridley scott,12884416.0,428,warner bros.
"menteur, menteur",jim carrey,45000000,pas de compositeur,1997-06-25,1997-03-21,86,845332.0,0,comédie,etats-unis,tous publics,PG,brian grazer,tom shadyac,31423025.0,343,uip
mes meilleures amies,"rose byrne, melissa mccarthy, kristen wiig, rebel wilson",32500000,pas de compositeur,2011-08-10,2011-05-13,125,222753.0,0,comédie,etats-unis,tous publics,R,judd apatow,paul feig,26247410.0,275,universal
mi-temps au mitard,"adam sandler, chris rock, burt reynolds, courteney cox",82000000,pas de compositeur,2005-11-23,2005-05-27,113,2095.0,0,comédie,etats-unis,,PG,adam sandler,peter segal,47606480.0,-1,gaumont sony
mission impossible 5,"tom cruise, simon pegg, jeremy renner, alec baldwin",150000000,pas de compositeur,2015-08-12,2015-07-31,131,1233768.0,1,aventure - action,etats-unis,tous publics,PG,j.j. abrams,christopher mcquarrie,55520089.0,719,paramount
mission: impossible,"tom cruise, jon voight, emmanuelle béart, jean reno, kristin scott thomas",75000000,danny elfman,1996-10-23,1996-05-22,110,1713919.0,1,aventure - action,etats-unis,tous publics,PG,paula wagner,brian de palma,45436830.0,583,uip
mission: impossible - fallout,"henry cavill, tom cruise, alec baldwin, angela basset, simon pegg",178000000,pas de compositeur,2018-08-01,2018-07-27,148,1169669.0,1,aventure - action,etats-unis,,PG,j.j. abrams,christopher mcquarrie,61236534.0,983,paramount
mission: impossible - protocole fantôme,"tom cruise, jeremy renner, simon pegg, léa seydoux",145000000,pas de compositeur,2011-12-14,2011-12-21,133,827046.0,1,aventure - action,etats-unis,tous publics,PG,j.j. abrams,brad bird,29556629.0,616,paramount
mission: impossible 2,"tom cruise, brendan gleeson, anthony hopkins",125000000,hans zimmer,2000-07-26,2000-05-24,126,1610166.0,1,aventure - action,etats-unis,tous publics,PG,paula wagner,john woo,57845297.0,745,uip
mission: impossible iii,"tom cruise, philip seymour hoffman, laurence fishburne, simon pegg, jonathan rhys meyers",150000000,pas de compositeur,2006-05-03,2006-05-05,126,996860.0,1,aventure - action,etats-unis,tous publics,PG,paula wagner,j.j. abrams,47743273.0,850,uip
mission: impossible – dead reckoning partie 1,"tom cruise, simon pegg",291000000,pas de compositeur,2023-07-12,2023-07-12,163,930141.0,1,aventure - action,etats-unis,tous publics,PG,tom cruise,christopher mcquarrie,54688347.0,785,paramount
mon roi,vincent cassel,9473556,pas de compositeur,2015-10-21,2016-08-12,130,315397.0,0,drame,france,, ,alain attal,- maïwenn,6273.0,400,studiocanal
monstres & cie,"billy crystal, steve buscemi, john goodman",115000000,pas de compositeur,2002-03-20,2001-11-02,92,777943.0,0,animation,etats-unis,tous publics,G,john lasseter,lee unkrich,62577067.0,809,gbvi
mort sur le nil (2022),"kenneth branagh, gal gadot, annette bening",90000000,pas de compositeur,2022-02-09,2022-02-11,127,336133.0,0,thriller,etats-unis,tous publics,PG,ridley scott,kenneth branagh,12891123.0,457,walt disney pictures
munich,"eric bana, daniel craig, mathieu amalric, yvan attal, mathieu kassovitz, geoffrey rush",75000000,john williams,2006-01-25,2005-12-23,164,425873.0,0,thriller,etats-unis,,R,steven spielberg,steven spielberg,4152260.0,446,uip
mémoires de nos pères,"ryan phillippe, paul walker",80000000,pas de compositeur,2006-10-25,2006-10-20,132,272149.0,0,guerre,etats-unis,tous publics,R,steven spielberg,clint eastwood,10245190.0,430,warner bros.
napoleon (2023),"joaquin phoenix, tahar rahim, ludivine sagnier",165000000,pas de compositeur,2023-11-22,2023-11-22,158,764419.0,0,aventure - action,grande-bretagne,tous publics,R,ridley scott,ridley scott,20638887.0,743,sony pictures
narc,ray liotta,6500000,pas de compositeur,2003-07-30,2002-12-20,100,54690.0,0,thriller,etats-unis,,R,paula wagner,joe carnahan,2825807.0,78,mars distribution
no pain no gain,"dwayne johnson, mark wahlberg, ed harris, rebel wilson",49874933,pas de compositeur,2013-09-11,2013-04-26,129,192897.0,0,comédie dramatique,etats-unis,moins de 12 ans,R,michael bay,michael bay,20244505.0,254,paramount
non-stop,"julianne moore, liam neeson",50000000,pas de compositeur,2014-02-26,2014-02-28,106,505678.0,0,thriller,etats-unis,,PG,joel silver,jaume collet-serra,28875635.0,442,studiocanal
nous finirons ensemble,"françois cluzet, marion cotillard, gilles lellouche, laurent lafitte, benoît magimel, valérie bonneton, jean dujardin, josé garcia",14498783,pas de compositeur,2019-05-01,,135,1261701.0,0,comédie dramatique,france,tous publics, ,alain attal,guillaume canet,,722,pathé
oppenheimer,"emily blunt, matt damon, cillian murphy, casey affleck, kenneth branagh, robert downey jr, josh hartnett, gary oldman",100000000,pas de compositeur,2023-07-19,2023-07-21,181,1138907.0,0,drame,etats-unis,tous publics,R,christopher nolan,christopher nolan,82455420.0,668,universal
pearl harbor,"ben affleck, kate beckinsale, josh hartnett, dan aykroyd, alec baldwin, cuba gooding jr., jon voight, jennifer garner",140000000,hans zimmer,2001-06-06,2001-05-25,183,866919.0,0,guerre,etats-unis,tous publics,PG,jerry brukheimer,michael bay,59078912.0,771,gbvi
pirates des caraïbes : la fontaine de jouvence,"johnny depp, penelope cruz, geoffrey rush, judi dench",250000000,hans zimmer,2011-05-18,2011-05-20,137,1693713.0,1,aventure - action,etats-unis,tous publics,PG,jerry brukheimer,rob marshall,90151958.0,726,walt disney pictures
"pirates des caraïbes, jusqu'au bout du monde","johnny depp, orlando bloom, yun-fat chow, geoffrey rush, keira knightley",300000000,hans zimmer,2007-05-23,2007-05-25,168,2709377.0,1,aventure - action,etats-unis,tous publics,PG,jerry brukheimer,gore verbinski,114732820.0,783,walt disney pictures
"pirates des caraïbes, la malédiction du black pearl","johnny depp, orlando bloom, geoffrey rush, keira knightley",140000000,pas de compositeur,2003-08-13,2003-07-09,140,1181208.0,1,aventure - action,etats-unis,tous publics,PG,jerry brukheimer,gore verbinski,46630690.0,646,gbvi
"pirates des caraïbes, le secret du coffre maudit","johnny depp, orlando bloom, geoffrey rush, keira knightley",225000000,hans zimmer,2006-08-02,2006-07-07,150,2708112.0,1,aventure - action,etats-unis,tous publics,PG,jerry brukheimer,gore verbinski,135634554.0,750,walt disney pictures
pixels,"adam sandler, kevin james, dan aykroyd",88000000,pas de compositeur,2015-07-22,2015-07-24,106,307415.0,0,science fiction,etats-unis,tous publics,PG,adam sandler,chris columbus,24011616.0,500,sony pictures
polisse,"marina foïs, karin viard",6140000,pas de compositeur,2011-10-19,2012-05-18,134,636355.0,0,drame,france,tous publics, ,alain attal,- maïwenn,16568.0,407,mars distribution
ponyo sur la falaise,"cate blanchett, matt damon, liam neeson",34000000,pas de compositeur,2009-04-08,2009-08-14,115,248029.0,0,animation,japon,tous publics,G,john lasseter,hayao miyazaki,3585852.0,251,walt disney pictures
prince of persia : les sables du temps,jake gyllenhaal,200000000,pas de compositeur,2010-05-26,2010-05-28,116,815255.0,0,aventure - action,etats-unis,tous publics,PG,jerry brukheimer,mike newell,30095259.0,652,walt disney pictures
prometheus,"michael fassbender, noomi rapace, charlize theron, idris elba, guy pearce",150000000,pas de compositeur,2012-05-30,2012-06-08,123,812356.0,1,science fiction,etats-unis,moins de 12 ans,R,ridley scott,ridley scott,51050101.0,665,20th century fox
psycho,"anne heche, vince vaughn, julianne moore, william h. macy, viggo mortensen",20000000,pas de compositeur,1999-01-27,1998-12-04,104,71424.0,0,horreur,etats-unis,moins de 12 ans,R,brian grazer,gus van sant,10031850.0,147,uip
quand chuck rencontre larry,"jessica biel, kevin james, adam sandler, dan aykroyd, steve buscemi",85000000,pas de compositeur,2007-08-29,2007-07-20,119,36264.0,0,comédie,etats-unis,tous publics,PG,adam sandler,dennis dugan,34233750.0,-1,paramount
quatre frères,mark wahlberg,45000000,pas de compositeur,2005-10-05,2005-08-12,115,118305.0,0,thriller,etats-unis,moins de 12 ans,R,lorenzo di bonaventura,john singleton,21176925.0,199,uip
ready player one,simon pegg,175000000,alan silvestri,2018-03-28,2018-03-29,100,889788.0,0,science fiction,etats-unis,tous publics,PG,steven spielberg,steven spielberg,41764050.0,719,warner bros.
real steel,hugh jackman,80000000,danny elfman,2011-10-19,2011-10-07,127,438587.0,0,science fiction,etats-unis,tous publics,PG,steven spielberg,shawn levy,27319677.0,463,walt disney pictures
rencontres à elizabethtown,"kirsten dunst, orlando bloom, susan sarandon, jessica biel, alec baldwin",45000000,pas de compositeur,2005-11-02,2005-10-14,120,111382.0,0,romance,etats-unis,,PG,paula wagner,cameron crowe,10618711.0,296,uip
riddick,vin diesel,38000000,pas de compositeur,2013-09-18,2013-09-06,119,254478.0,1,science fiction,etats-unis,moins de 12 ans,R,vin diesel,david twohy,19030375.0,368,metropolitan
rien que pour vos cheveux,adam sandler,75000000,pas de compositeur,2008-08-27,2008-06-06,113,93875.0,0,comédie,etats-unis,tous publics,PG,adam sandler,dennis dugan,38531374.0,171,sony pictures
robin des bois (2010),"russell crowe, cate blanchett, léa seydoux, luke evans",230000000,pas de compositeur,2010-05-12,2010-05-14,148,1185144.0,0,aventure - action,etats-unis,tous publics,PG,brian grazer,ridley scott,36063385.0,648,universal
rock,"sean connery, nicolas cage, ed harris, jim caviezel",75000000,hans zimmer,1996-07-31,1996-06-07,136,523200.0,0,aventure - action,etats-unis,,R,jerry brukheimer,michael bay,25069525.0,479,gbvi
rock n roll,"guillaume canet, marion cotillard, kev adams, yvan attal, johnny hallyday, gilles lellouche",17958089,pas de compositeur,2017-02-15,,123,630004.0,0,comédie,france,tous publics, ,alain attal,guillaume canet,,557,pathé
rocknrolla,"gerard butler, idris elba, tom hardy",18000000,pas de compositeur,2008-11-19,2008-10-31,114,54387.0,0,thriller,grande-bretagne,tous publics,R,joel silver,guy ritchie,1872495.0,-1,studiocanal
rogue one: a star wars story,"mads mikkelsen, forest whitaker",200000000,pas de compositeur,2016-12-14,2016-12-16,133,1798117.0,0,fantasy,etats-unis,tous publics,PG,kathleen kennedy,gareth edwards,155091681.0,910,walt disney pictures
rush (2013),chris hemsworth,38000000,hans zimmer,2013-09-25,2013-09-27,123,149696.0,0,aventure - action,etats-unis,tous publics,R,brian grazer,ron howard,10014920.0,300,pathé
salt,"angelina jolie, liev schreiber",110000000,james newton howard,2010-08-25,2010-07-23,99,672870.0,0,thriller,etats-unis,tous publics,PG,lorenzo di bonaventura,philip noyce,36011243.0,542,sony pictures
sans identité,"diane kruger, liam neeson",27045082,pas de compositeur,2011-03-02,2011-02-18,109,381577.0,0,thriller,etats-unis,tous publics,PG,joel silver,jaume collet-serra,21856389.0,339,studiocanal
self control,"adam sandler, jack nicholson, woody harrelson, john c. reilly, heather graham",75000000,pas de compositeur,2003-06-04,2003-04-11,101,130676.0,0,comédie,etats-unis,,PG,adam sandler,peter segal,42220847.0,521,columbia
seul sur mars,"matt damon, jessica chastain, jeff daniels, kristen wiig",108000000,pas de compositeur,2015-10-21,2015-10-02,141,1101028.0,0,science fiction,etats-unis,tous publics,PG,ridley scott,ridley scott,54308575.0,560,20th century fox
sherlock holmes,"robert downey jr, jude law",80000000,hans zimmer,2010-02-03,2009-12-25,134,780449.0,1,aventure - action,etats-unis,tous publics,PG,joel silver,guy ritchie,62304277.0,676,warner bros.
sherlock holmes 2 : jeu d'ombres,"robert downey jr, jude law, noomi rapace",125000000,hans zimmer,2012-01-25,2011-12-16,128,981375.0,1,aventure - action,etats-unis,tous publics,PG,joel silver,guy ritchie,39637079.0,620,warner bros.
shooter - tireur d'élite,"mark wahlberg, danny glover",60000000,pas de compositeur,2007-04-18,2007-03-23,124,183930.0,0,aventure - action,etats-unis,tous publics,R,lorenzo di bonaventura,antoine fuqua,14523571.0,248,paramount
shrek,"cameron diaz, eddie murphy, mike myers, vincent cassel, alain chabat",60000000,pas de compositeur,2001-07-04,2001-05-16,90,939597.0,1,animation,etats-unis,tous publics,PG,steven spielberg,andrew adamson,42347760.0,669,uip
signes,"mel gibson, joaquin phoenix",62000000,james newton howard,2002-10-16,2002-08-02,105,718188.0,0,thriller,etats-unis,,PG,frank marshall,m. night shyamalan,60117080.0,699,gbvi
sixième sens,"bruce willis, toni collette",55000000,james newton howard,2000-01-05,1999-08-06,107,1463152.0,0,thriller,etats-unis,moins de 12 ans,PG,frank marshall,m. night shyamalan,26681262.0,418,gbvi
solo: a star wars story,woody harrelson,250000000,pas de compositeur,2018-05-23,2018-05-25,135,531414.0,0,fantasy,etats-unis,tous publics,PG,kathleen kennedy,ron howard,84420489.0,844,walt disney pictures
speed racer,"john goodman, melvil poupaud, christina ricci, susan sarandon",120000000,pas de compositeur,2008-06-18,2008-05-09,135,61860.0,0,aventure - action,etats-unis,tous publics,PG,joel silver,wachowski (brothers),18561337.0,277,warner bros.
spider-man 2,"tobey maguire, kirsten dunst, james franco, willem dafoe",210000000,danny elfman,2004-07-14,2004-06-30,127,2100789.0,1,comicbook,etats-unis,tous publics,PG,kevin feige,sam raimi,88156227.0,880,columbia
spider-man 3,"kirsten dunst, tobey maguire, james franco, bryce dallas howard",258000000,pas de compositeur,2007-05-01,2007-05-04,135,804345.0,1,comicbook,etats-unis,tous publics,PG,kevin feige,sam raimi,151116516.0,850,gaumont sony
spider-man : no way home - version longue,"benedict cumberbatch, tom holland, willem dafoe, jamie foxx, andrew garfield, tobey maguire",200000000,pas de compositeur,2022-09-07,2022-09-02,157,42098.0,1,comicbook,etats-unis,tous publics,PG,kevin feige,jon watts,5403230.0,320,sony pictures
spider-man: homecoming,"tom holland, michael keaton, robert downey jr, chris evans, gwyneth paltrow, jennifer connelly",175000000,pas de compositeur,2017-07-12,2017-07-07,133,981189.0,1,comicbook,etats-unis,tous publics,PG,kevin feige,jon watts,117027503.0,808,sony pictures
spider-man: no way home,"benedict cumberbatch, tom holland, willem dafoe, jamie foxx, andrew garfield, tobey maguire",200000000,pas de compositeur,2021-12-15,2021-12-17,148,2867515.0,1,comicbook,etats-unis,tous publics,PG,kevin feige,jon watts,260138569.0,882,sony pictures
split,"james mcavoy, bruce willis",10000000,pas de compositeur,2017-02-22,2017-01-20,116,594427.0,1,thriller,etats-unis,moins de 12 ans,PG,jason blum,m. night shyamalan,40010975.0,315,universal
star trek,"chris pine, eric bana, chris hemsworth, simon pegg, winona ryder",125000000,pas de compositeur,2009-05-06,2009-05-08,128,433725.0,1,science fiction,etats-unis,tous publics,PG,j.j. abrams,j.j. abrams,75204289.0,493,paramount
star trek into darkness,"chris pine, benedict cumberbatch, simon pegg",185000000,pas de compositeur,2013-06-12,2013-05-16,123,433073.0,1,science fiction,etats-unis,tous publics,PG,j.j. abrams,j.j. abrams,70165559.0,610,paramount
star wars: l'ascension de skywalker,"adam driver, harrison ford, samuel l. jackson, ewan mcgregor, liam neeson",275000000,john williams,2019-12-18,2019-12-20,142,2420710.0,1,fantasy,etats-unis,tous publics,PG,kathleen kennedy,j.j. abrams,177383864.0,731,walt disney pictures
star wars: le réveil de la force,"harrison ford, adam driver",215000000,john williams,2015-12-16,2015-12-18,136,3801235.0,1,fantasy,etats-unis,tous publics,PG,j.j. abrams,j.j. abrams,247966675.0,1093,walt disney pictures
star wars: les derniers jedi,"adam driver, benicio del toro, joseph gordon-levitt",200000000,john williams,2017-12-13,2017-12-15,151,2510462.0,1,fantasy,etats-unis,tous publics,PG,kathleen kennedy,rian johnson,220009584.0,1027,walt disney pictures
stardust - le mystère de l'étoile,"robert de niro, michelle pfeiffer, henry cavill, ian mckellen",70000000,pas de compositeur,2007-10-24,2007-08-10,128,180954.0,0,fantasy,etats-unis,tous publics,PG,lorenzo di bonaventura,matthew vaughn,9169779.0,342,paramount
stargate,"kurt russell, james spader",55000000,pas de compositeur,1995-02-01,1994-10-28,119,634006.0,0,science fiction,etats-unis,,PG,dean devlin,roland emmerich,16651018.0,262,amlf
super 8,elle fanning,50000000,pas de compositeur,2011-08-03,2011-06-10,112,734715.0,0,science fiction,etats-unis,tous publics,PG,j.j. abrams,j.j. abrams,35451168.0,522,paramount
sur la route de madison,"clint eastwood, meryl streep",22000000,pas de compositeur,1995-09-06,1995-06-02,135,222900.0,0,drame,etats-unis,tous publics,PG,kathleen kennedy,clint eastwood,10519257.0,150,warner bros.
taken,"liam neeson, famke janssen",19407740,pas de compositeur,2008-02-27,2009-01-30,85,291414.0,1,aventure - action,france,moins de 12 ans,PG,luc besson,pierre morel,24717037.0,350,europacorp
taken 2,"liam neeson, famke janssen",37112087,pas de compositeur,2012-10-03,2012-10-05,98,1231066.0,1,thriller,france,tous publics,PG,luc besson,olivier megaton,49514769.0,561,europacorp
taken 3,"liam neeson, forest whitaker, famke janssen",51460337,pas de compositeur,2015-01-21,2015-01-09,103,1192842.0,1,thriller,france,tous publics,PG,luc besson,olivier megaton,39201657.0,564,europacorp
target (2012),"chris pine, tom hardy, reese witherspoon, angela basset",65000000,pas de compositeur,2012-03-21,2012-02-17,97,186074.0,0,aventure - action,etats-unis,tous publics,PG,will smith,mcg,17405930.0,406,20th century fox
taxi,"marion cotillard, frédéric diefenthal, samy nacéri",8100000,pas de compositeur,1998-04-08,1998-11-20,86,795989.0,1,comédie,france,tous publics, ,luc besson,gérard pires,,400,arp selection
taxi 2,"frédéric diefenthal, samy nacéri, marion cotillard",10700000,pas de compositeur,2000-03-29,2000-10-13,90,3478850.0,1,comédie,france,tous publics, ,luc besson,gérard krawczyk,,831,arp selection
taxi 3,"marion cotillard, frédéric diefenthal, samy nacéri, sylvester stallone",14490000,pas de compositeur,2003-01-29,2003-05-30,90,2251493.0,1,comédie,france,tous publics, ,luc besson,gérard krawczyk,,969,arp selection
taxi 4,"frédéric diefenthal, françois damiens, samy nacéri",17316532,pas de compositeur,2007-02-14,,91,2010736.0,1,comédie,france,tous publics, ,luc besson,gérard krawczyk,,867,europacorp
tenet,"robert pattinson, kenneth branagh, michael caine, clémence poésy",205000000,pas de compositeur,2020-08-26,2020-09-03,150,948378.0,0,science fiction,etats-unis,tous publics,PG,christopher nolan,christopher nolan,9353090.0,678,warner bros.
the dark knight rises,"christian bale, tom hardy, anne hathaway, michael caine, marion cotillard, morgan freeman, joseph gordon-levitt, gary oldman, aaron eckhart, cillian murphy, liam neeson",250000000,hans zimmer,2012-07-25,2012-07-20,165,1835547.0,1,comicbook,etats-unis,tous publics,PG,christopher nolan,christopher nolan,160887295.0,892,warner bros.
"the dark knight, le chevalier noir","christian bale, heath ledger, michael caine, aaron eckhart, morgan freeman, maggie gyllenhaal, gary oldman, cillian murphy",185000000,hans zimmer,2008-08-13,2008-07-18,150,1271688.0,1,comicbook,etats-unis,tous publics,PG,christopher nolan,christopher nolan,158411483.0,820,warner bros.
the fabelmans,"paul dano, seth rogen",40000000,john williams,2023-02-22,2022-11-23,151,367332.0,0,drame,etats-unis,tous publics,PG,steven spielberg,steven spielberg,2261110.0,502,universal
the green hornet (2011),"seth rogen, christoph waltz, cameron diaz, james franco",120000000,james newton howard,2011-01-12,2011-01-14,108,276619.0,0,aventure - action,etats-unis,tous publics,PG,neal h. moritz,michel gondry,33526876.0,495,sony pictures
the island,"scarlett johansson, ewan mcgregor, steve buscemi",122000000,pas de compositeur,2005-08-17,2005-07-22,132,630433.0,0,science fiction,etats-unis,tous publics,PG,michael bay,michael bay,12409070.0,640,warner bros.
the king of staten island,steve buscemi,-1,pas de compositeur,2020-07-22,,137,14320.0,0,comédie,etats-unis,tous publics,R,judd apatow,judd apatow,,104,universal
the lost city of z,"tom holland, robert pattinson",30000000,pas de compositeur,2017-03-15,2017-04-21,141,150045.0,0,aventure - action,etats-unis,tous publics,PG,brad pitt,james gray,2121540.0,162,studiocanal
the nice guys,"ryan gosling, russell crowe, kim basinger",50000000,pas de compositeur,2016-05-15,2016-05-20,115,80135.0,0,thriller,etats-unis,tous publics,R,joel silver,shane black,11203270.0,350,europacorp
the patriot - le chemin de la liberté,"mel gibson, heath ledger",80000000,john williams,2000-07-12,2000-06-28,160,442823.0,0,aventure - action,etats-unis,tous publics,R,dean devlin,roland emmerich,22413710.0,591,columbia
the reader,"ralph fiennes, kate winslet",40000000,pas de compositeur,2009-07-15,2009-01-09,122,227454.0,0,romance,etats-unis,tous publics,R,jason blum,stephen daldry,1346742.0,285,snd
the ryan initiative,"kevin costner, chris pine, kenneth branagh, keira knightley",60000000,pas de compositeur,2014-01-29,2014-01-17,100,258323.0,0,thriller,etats-unis,tous publics,PG,lorenzo di bonaventura,kenneth branagh,15451981.0,397,paramount
"the skulls, société secrète",paul walker,15000000,pas de compositeur,2000-06-28,2000-03-31,110,116981.0,0,thriller,etats-unis,,PG,neal h. moritz,rob cohen,11034885.0,340,ufd
the tree of life,"jessica chastain, sean penn, brad pitt",32000000,alexandre desplat,2011-05-17,2011-05-27,138,52956.0,0,drame,grande-bretagne,tous publics,PG,brad pitt,terrence malick,372920.0,303,europacorp
thor,"chris hemsworth, natalie portman, idris elba, anthony hopkins, rene russo, samuel l. jackson, jeremy renner",150000000,pas de compositeur,2011-04-27,2011-05-06,114,895181.0,1,comicbook,etats-unis,tous publics,PG,kevin feige,kenneth branagh,65723338.0,608,paramount
three days to kill,kevin costner,28000000,pas de compositeur,2014-03-19,2014-02-21,117,186899.0,0,aventure - action,etats-unis,tous publics,PG,luc besson,mcg,12242218.0,471,europacorp
top gun,"tom cruise, val kilmer, tim robbins, meg ryan",15000000,pas de compositeur,1986-09-17,1986-05-16,110,463027.0,1,aventure - action,etats-unis,tous publics,PG,jerry brukheimer,tony scott,8193052.0,-1,uip
top gun : maverick,"tom cruise, jennifer connelly, ed harris, val kilmer",152000000,hans zimmer,2022-05-25,2022-05-27,131,1529608.0,1,aventure - action,etats-unis,tous publics,PG,jerry brukheimer,joseph kosinski,126707459.0,790,paramount
total recall - mémoires programmées,"colin farrell, kate beckinsale, jessica biel, bryan cranston, ethan hawke",125000000,pas de compositeur,2012-08-15,2012-08-03,121,551476.0,0,science fiction,etats-unis,tous publics,PG,neal h. moritz,len wiseman,25577758.0,524,sony pictures
toy story 3,"tom hanks, tim allen, michael keaton, benoît magimel",200000000,pas de compositeur,2010-07-14,2010-06-18,103,1276905.0,1,animation,etats-unis,tous publics,G,john lasseter,lee unkrich,110307189.0,735,walt disney pictures
transformers,"shia labeouf, jon voight",150000000,pas de compositeur,2007-07-25,2007-07-03,144,956475.0,1,science fiction,etats-unis,tous publics,PG,steven spielberg,michael bay,70502384.0,872,paramount
transformers 3 - la face cachée de la lune,"shia labeouf, patrick dempsey, john malkovich, frances mcdormand",195000000,pas de compositeur,2011-06-29,2011-06-29,150,1315020.0,1,science fiction,etats-unis,tous publics,PG,steven spielberg,michael bay,97852865.0,760,paramount
transformers : l'âge de l'extinction,mark wahlberg,210000000,pas de compositeur,2014-07-16,2014-06-27,166,1215124.0,1,aventure - action,etats-unis,tous publics,PG,lorenzo di bonaventura,michael bay,100038390.0,890,paramount
transformers: la revanche,shia labeouf,200000000,pas de compositeur,2009-06-24,2009-06-24,144,1115888.0,1,science fiction,etats-unis,tous publics,PG,steven spielberg,michael bay,108966307.0,763,paramount
transformers: the last knight,"mark wahlberg, anthony hopkins, john goodman",217000000,pas de compositeur,2017-06-28,2017-06-21,149,810533.0,1,science fiction,etats-unis,tous publics,PG,lorenzo di bonaventura,michael bay,44680073.0,815,paramount
tristan + yseult,"james franco, henry cavill",-1,pas de compositeur,2006-07-05,2006-01-13,125,572.0,0,romance,etats-unis,,PG,ridley scott,kevin reynolds,6583135.0,-1,20th century fox
true grit,"jeff bridges, josh brolin, matt damon",38000000,pas de compositeur,2011-02-23,2010-12-22,110,605267.0,0,western,etats-unis,tous publics,PG,steven spielberg,joel coen,24830443.0,404,paramount
twister,"bill paxton, helen hunt, philip seymour hoffman",92000000,pas de compositeur,1996-08-21,1996-05-10,113,1078707.0,0,catastrophe,etats-unis,tous publics,PG,steven spielberg,jan de bont,41059405.0,509,uip
uss alabama,"gene hackman, denzel washington, viggo mortensen, ryan phillippe",53000000,hans zimmer,1995-09-06,1995-05-12,115,268231.0,0,aventure - action,etats-unis,tous publics,R,jerry brukheimer,tony scott,18612190.0,353,gbvi
un cœur invaincu,angelina jolie,16000000,pas de compositeur,2007-09-19,2007-06-22,100,100665.0,0,drame,etats-unis,tous publics,R,brad pitt,michael winterbottom,3948863.0,199,paramount
un homme d'exception,"russell crowe, jennifer connelly, ed harris",58000000,james horner,2002-02-13,2002-01-04,136,215506.0,0,drame,etats-unis,,PG,brian grazer,ron howard,16565820.0,338,uip
un homme à part,vin diesel,36000000,pas de compositeur,2003-05-28,2003-04-04,113,133982.0,0,aventure - action,etats-unis,moins de 12 ans,R,vin diesel,f. gary gray,11019224.0,350,metropolitan
un voisin trop parfait,jennifer lopez,4000000,pas de compositeur,2015-05-20,2015-01-23,91,31827.0,0,thriller,etats-unis,moins de 12 ans,R,jason blum,rob cohen,14910105.0,53,universal
une grande année,"russell crowe, marion cotillard, didier bourdon",35000000,pas de compositeur,2007-01-03,2006-11-10,118,116038.0,0,comédie,etats-unis,tous publics,PG,ridley scott,ridley scott,3721526.0,209,20th century fox
valérian et la cité des mille planètes,"alain chabat, ethan hawke, clive owen, mathieu kassovitz, john goodman",197471676,alexandre desplat,2017-07-26,2017-07-21,132,1640681.0,0,science fiction,france,,PG,luc besson,luc besson,17007624.0,970,europacorp
vanilla sky,"tom cruise, cameron diaz, penelope cruz, kurt russell",75000000,pas de compositeur,2002-01-23,2001-12-14,135,603725.0,0,drame,etats-unis,tous publics,R,paula wagner,cameron crowe,25015518.0,597,uip
veronica guerin,"cate blanchett, colin farrell",17000000,pas de compositeur,2003-10-01,2003-10-17,98,24450.0,0,thriller,etats-unis,, ,jerry brukheimer,joel schumacher,611276.0,-1,-
wasabi,"jean reno, carole bouquet",15270000,eric serra,2001-10-31,2002-09-27,95,565507.0,0,comédie,france,tous publics, ,luc besson,gérard krawczyk,,583,europacorp
willow,val kilmer,35000000,james horner,1988-12-14,1988-05-20,125,269170.0,0,fantasy,etats-unis,tous publics,PG,george lucas,ron howard,8300169.0,-1,uip
world war z,brad pitt,190000000,pas de compositeur,2013-07-03,2013-06-21,116,1209900.0,0,aventure - action,etats-unis,moins de 12 ans,PG,brad pitt,marc foster,66411834.0,707,paramount
x-men,"halle berry, hugh jackman, ian mckellen, famke janssen",75000000,pas de compositeur,2000-08-16,2000-07-14,104,857619.0,1,comicbook,etats-unis,tous publics,PG,kevin feige,bryan singer,54471475.0,597,ufd
x-men 2,"halle berry, hugh jackman, ian mckellen, famke janssen",110000000,pas de compositeur,2003-04-30,2003-05-02,133,1348391.0,1,comicbook,etats-unis,tous publics,PG,kevin feige,bryan singer,85558731.0,701,ufd
x-men l'affrontement final,"halle berry, hugh jackman, ian mckellen, famke janssen, ellen page",150000000,pas de compositeur,2006-05-24,2006-05-26,104,1548582.0,1,comicbook,etats-unis,tous publics,PG,kevin feige,brett ratner,102750665.0,756,20th century fox
xxx,"vin diesel, samuel l. jackson",50000000,pas de compositeur,2002-10-09,2002-08-09,124,535418.0,1,aventure - action,etats-unis,,PG,neal h. moritz,rob cohen,44506103.0,626,columbia
xxx : reactivated,"vin diesel, toni collette, ice cube, samuel l. jackson",80000000,brian tyler,2017-01-18,2017-01-20,107,450091.0,1,aventure - action,etats-unis,tous publics,PG,vin diesel,d.j. caruso,20130142.0,550,paramount
xxx2: the next level,"willem dafoe, samuel l. jackson, ice cube",118000000,pas de compositeur,2005-04-27,2005-04-29,101,207910.0,1,aventure - action,etats-unis,,PG,neal h. moritz,lee tamahori,12712272.0,436,gaumont sony
