actors,annee,budget,casting_complet,casting_principal,date,director,duree,entrees_fr,entrees_usa,franchise,genres,image_urls,langue,nationalite,nombre_vote,pays,pegi_fr,pegi_usa,popularite_score,release_link,remake,scenaristes,score,semaine_fr,semaine_usa,studio,titre,titre_original,url
,2024,0,"mélanie bernier, max boublil, claudia tagbo, franck amiack",,,grégory boutboul,97,,,,comedy,,,,,france,,,,,,grégory boutboul,,2024-05-08,,,neuilly-poissy,,
,2023,0,"marie toscan du plantier, iris bry, thomas scimeca, yannick renier, isild le besco, andré marcon, sarah le picard, françois berléand, scali delpeyrat, thibault de montalembert, karol beffa, stéphane bernard, édouard buhr, victor chambon, balthazar corvez-jubin, guillemette crémèse, xavier de guillebon, clément ducros",,,jean-claude monod,97,,,,drama,"https://m.media-amazon.com/images/M/MV5BMjBjZDA3OWItZjFlZi00NzQ3LWE2ZDctMDY2ZDEzYjA0YzA1XkEyXkFqcGdeQXVyMTYyMDQ1OTAz._V1_QL75_UY281_CR11,0,190,281_.jpg",,,,france,,,,,,jean-claude monod,,2024-05-08,,,un jour fille,,
,2024,0,"léa seydoux, louis garrel, vincent lindon, raphaël quenard, manuel guillot, françoise gazio",,,quentin dupieux,76,,,,comedy,"https://m.media-amazon.com/images/M/MV5BNGExZjM1MjQtNDhmOS00ZGVjLWJiZWQtMmFlZGE0N2M1NGM4XkEyXkFqcGdeQXVyMTM3MzcwMjY3._V1_QL75_UY281_CR181,0,190,281_.jpg",,,,france,,,,,,quentin dupieux,,2024-05-14,,,the second act,,
,2024,0,"marion barbeau, bastien bouillon, zoé bruneau, anne consigny, léa drucker, philippe frécon, eric godon, mohamed kerriche, pierre lottin, silvia massegur, théo navarro-mussy, christophe reymond, thor schenker, karim seghair, paola valentin, wim willaert",,,baptiste debraux,106,,,,,"https://m.media-amazon.com/images/M/MV5BNzgwNTllNWYtZWY1Yy00Mzg4LWFiZDUtZjcxOWE5NzQ4ZmExXkEyXkFqcGdeQXVyMDA5MDg4Nw@@._V1_QL75_UY281_CR9,0,190,281_.jpg",,,,france,,,,,,baptiste debraux,,2024-05-08,,,un homme en fuite,,
,2024,50000000,"kirsten dunst, wagner moura, cailee spaeny, nick offerman, jefferson white, nelson lee, evan lai, stephen mckinley henderson, vince pisani, justin james boykin, jess matney, greg hill, edmund donovan, tim james, simeon freeman, james yaegashi, dean grimes, alexa mansour",,,alex garland,109,,,,"action, thriller","https://m.media-amazon.com/images/M/MV5BYTYyODhlODktYjUzNC00NjUyLWI1MzYtNmI0MTY3YTUxYjY2XkEyXkFqcGdeQXVyMTkxNjUyNQ@@._V1_QL75_UX190_CR0,0,190,281_.jpg",,,,"united states, united kingdom",R,,,,,alex garland,,2024-04-17,,,civil war,,
,2024,0,"benjamin voisin, emmanuelle bercot, rivaldo pawawi, lottie andersen, aure atika, suzy bemba, laura felpin, chloé lecerf, grégoire ludig, mila michael",,,jérémie sein,78,,,,comedy,"https://m.media-amazon.com/images/M/MV5BYTg5YmNhZDMtMzIwMC00MmU0LThiMDEtODNjMTkyODQ3OGJiXkEyXkFqcGdeQXVyMzA4MDA0Mjc@._V1_QL75_UY281_CR241,0,190,281_.jpg",,,,france,,,,,,jérémie sein,,2024-05-08,,,l'esprit coubertin,,
,2023,0,"ezequiel rodríguez, demián salomón, silvina sabater, luis ziembrowski, marcelo michinaux, emilio vodanovich, virginia garófalo, paula rubinsztein, lucrecia nirón talazac, isabel quinteros, desirée salgueiro, federico liss, ricardo velázquez, jorge prado, diego sampayo, pedro larrabide, cleo díaz, agostina aguilera",,,demián rugna,99,,,,horror,"https://m.media-amazon.com/images/M/MV5BMzNkMTA5ZTYtOGEzOC00MmJiLTgxMWYtM2JlZjhlZDVkYWE0XkEyXkFqcGdeQXVyMTczMjkzNDY@._V1_QL75_UX190_CR0,0,190,281_.jpg",,,,"argentina, united states",Not Rated,,,,,demián rugna,,2024-05-15,,,when evil lurks,,
,2024,0,"madelaine petsch, gabriel basso, rachel shenton, ella bruccoleri, richard brake, ema horvath, froy gutierrez, george young, rebecka johnston, florian clare, janis ahern, ben cartwright, rafaella biscayn, brian law, ryan bown, miles yekinni, milo callaghan, brooke lena johnson",,,renny harlin,91,,,,horror,"https://m.media-amazon.com/images/M/MV5BNDVkZTM0NDAtNTQxMS00NWIyLTgyM2ItNjAxOTllYTAzNTVjXkEyXkFqcGdeQXVyMjM4NTM5NDY@._V1_QL75_UX190_CR0,0,190,281_.jpg",,,,united states,,,,,,renny harlin,,2024-05-15,,,the strangers: chapter 1,,
,2022,3500000,"hennika huuse, todd bishop monrad vistven, johannes kjærnes, tobias santelmann, kari simonsen, henriette marø, line verndal, atle antonsen, desta marie beeder, charlotte frogner",,,rasmus a. sivertsen,76,,,,"animation, family","https://m.media-amazon.com/images/M/MV5BM2JhOTc3MzAtODVlMC00NmQxLTljMzQtZjNmODkwNzhjYjk5XkEyXkFqcGdeQXVyNDM1ODc2NzE@._V1_QL75_UY281_CR4,0,190,281_.jpg",,,,norway,,,,,,rasmus a. sivertsen,,2024-05-08,,,just super,,
,2023,0,"tope tedela, riyo david, martha ehinome, uche elumelu, floyd anekwe",,,babatunde apalowo,93,,,,"drama, romance","https://m.media-amazon.com/images/M/MV5BMjkwZjY0NzUtNTYxZi00MjNkLWFkYmMtNzIxYjI2YmI4YzU5XkEyXkFqcGdeQXVyMTA3MTQyODMx._V1_QL75_UX190_CR0,0,190,281_.jpg",,,,nigeria,,,,,,babatunde apalowo,,2024-05-08,,,all the colours of the world are between black and white,,
,2022,0,"ryô ikeda, wan marui, yûgo mikawa, koki osamura, momoi shimada, harumi shuhama, makita sports, haruki takano, kotaro yagi",,,ryo takebayashi,82,,,,"comedy, sci-fi","https://m.media-amazon.com/images/M/MV5BYjE2OTZhMGItNjJmNi00YWY1LTllZDQtMTg0YmVjNjdkNDY4XkEyXkFqcGdeQXVyMTYxNTEzNjg5._V1_QL75_UY281_CR26,0,190,281_.jpg",,,,japan,,,,,,ryo takebayashi,,2024-05-08,,,mondays: see you 'this' week!,,
,2023,0,"augusto góngora, paulina urrutia, gustavo cerati, pedro lemebel, javier bardem, raúl ruiz",,,maite alberdi,85,,,,documentary,"https://m.media-amazon.com/images/M/MV5BOTFiMjFlZjEtMDM5Zi00MmIzLTliM2EtZTc3NjUzNzA3ZWI1XkEyXkFqcGdeQXVyMTYzMDUzNjEw._V1_QL75_UY281_CR3,0,190,281_.jpg",,,,"chile, united states",,,,,,maite alberdi,,2024-05-08,,,the eternal memory,,
,2023,0,"turlough convery, benny o. arthur, jacqueline moré, tom gould, alessia yoko fontana, kyle scudder, charlotte stoiber, aidan o'hare, daniel lundh, gary anthony stennette",,,françois simard,83,,,,"action, horror","https://m.media-amazon.com/images/M/MV5BOGY5ODJhMmQtODZmYS00MjFiLWI3YjUtZjMzZjE5NDk2OTBiXkEyXkFqcGdeQXVyODUwMDM3Nzk@._V1_QL75_UY281_CR116,0,190,281_.jpg",,,,canada,,,,,,françois simard,,2024-05-08,,,wake up,,
,2022,0,"lilith grasmug, mermoz melchior, benjamin python, noah watzlawick, lea gigon, diana gervalla, lou iff, sabine timoteo, françois revaclier, marco calamandrei, barbara tobola, etienne tripoz, lisa kirby",,,carmen jaquier,92,,,,drama,"https://m.media-amazon.com/images/M/MV5BMjk1YTI4M2ItMzMyYi00MDE5LWFkZWItZWJmODFmYWIzODI0XkEyXkFqcGdeQXVyMTU1MTA4ODU2._V1_QL75_UY281_CR4,0,190,281_.jpg",,,,switzerland,,,,,,carmen jaquier,,2024-05-08,,,thunder,,
,2024,12500000,"avantika, humberly gonzález, olwen fouéré, jacob batalon, harriet slater, larsen thompson, adain bradley, wolfgang novogratz, stasa nikolic, james swanton, alan wells, joss carter, suncica milanovic",,,spenser cohen,92,,,,horror,"https://m.media-amazon.com/images/M/MV5BZGYzYjQ3ZWItMGJlZC00YzAxLTgzMTItYzI5MjY2YjA4Mjk5XkEyXkFqcGdeQXVyMDM2NDM2MQ@@._V1_QL75_UX190_CR0,0,190,281_.jpg",,,,united states,PG-13,,,,,spenser cohen,,2024-05-08,,,tarot,,
,2025,150000000,"robert pattinson, mark ruffalo, steven yeun, toni collette, naomi ackie, thomas turgoose, daniel henshall, steve park, patsy ferran, chelsea li, spike white, stuart whelan, michael monroe, sam woodhams, jamila wingett, liam edwards, tom cawte, johnny li gotti",,,bong joon ho,139,,,,"adventure, drama, sci-fi","https://m.media-amazon.com/images/M/MV5BYTBjYTY3NWYtMjM2MS00ZDQ5LWFlZmMtYThhNjg2Mjk0Y2YzXkEyXkFqcGdeQXVyMTU5Njc1OTUw._V1_QL75_UY281_CR47,0,190,281_.jpg",,,,"united states, united kingdom",,,,,,bong joon ho,,2025-01-29,,,mickey 17,,
,2025,0,"rachel zegler, gal gadot, martin klebba, andrew burnap, ansu kabia, luisa guerreiro, eddison burch, colin michael carmichael, emilia faucher, dujonna gift, dean nolan, leon ung, joshmaine joseph, kat collings, kathryn akin, gabriela garcia, alison eager, candy ma",,,marc webb,,,,,"adventure, drama, family","https://m.media-amazon.com/images/M/MV5BOTU5ZDZmNDMtMGQ5Mi00OTBmLWI2YTctNDQ0NjIyYWRmZTZiXkEyXkFqcGdeQXVyMTUzMTg2ODkz._V1_QL75_UX190_CR0,0,190,281_.jpg",,,,"united states, italy, united kingdom",,,,,,marc webb,,2025-03-20,,,snow white,,
,2025,0,"sam jaeger, julia garner, christopher abbott",,,leigh whannell,,,,,horror,,,,,united states,,,,,,leigh whannell,,2025-01-15,,,wolf man,,
,2024,0,"jackie chan, ming-na wen, joshua jackson, ralph macchio, aramis knight, sadie stanley, wyatt oleff, ben wang",,,jonathan entwistle,,,,,"action, drama, family","https://m.media-amazon.com/images/M/MV5BNjZiZGNiZTUtODI4Yi00ZjlhLTgwNzMtNGU3NmQ3NGMwZjIxXkEyXkFqcGdeQXVyNDM1Nzc0MTI@._V1_QL75_UY281_CR6,0,190,281_.jpg",,,,united states,,,,,,jonathan entwistle,,2024-12-18,,,untitled karate kid movie,,
,2024,0,"ben schwartz, colleen o'shaughnessey, idris elba, cristo fernández, keanu reeves, tika sumpter, tom butler, james marsden, alyla browne, jim carrey, lee majdoub, sofia pernas, krysten ritter, james wolk, jorma taccone, tony mccarthy, alfredo tavares, nathan hall",,,jeff fowler,,,,,"action, adventure, comedy","https://m.media-amazon.com/images/M/MV5BNTQ5NWIwNDgtZmQ5Mi00Y2E1LTgxZDItNDlhOTk0MWZmNTEyXkEyXkFqcGdeQXVyMTI5MzM4NzA5._V1_QL75_UY281_CR0,0,190,281_.jpg",,,,"united states, japan",,,,,,jeff fowler,,2024-12-18,,,sonic the hedgehog 3,,
,2025,155000000,"miles teller, jessica sula, kat graham, colman domingo, nia long, jaafar jackson, laura harrier, larenz tate, kendrick sampson, peyton riley mcconville, hope banks, joseph david-jones, keilyn durrel jones, allan wayne anderson, juliano valdi, carly king, liv symone, katie kay",,,antoine fuqua,,,,,"biography, drama, history","https://m.media-amazon.com/images/M/MV5BZTg0NmEwYWItZGEzYy00Zjc0LTllZWUtMzAwMzI2MTc0OTAzXkEyXkFqcGdeQXVyMTkxNjUyNQ@@._V1_QL75_UX190_CR0,2,190,281_.jpg",,,,"united states, united kingdom",,,,,,antoine fuqua,,2025-04-16,,,michael,,
,2024,0,"auli'i cravalho, dwayne johnson, alan tudyk",,,david g. derrick jr.,,,,,"animation, adventure, comedy","https://m.media-amazon.com/images/M/MV5BNWM2NmIxM2YtMzlhYi00NDllLTlkZjEtZWI1NDQ4ZjI0ZGQ5XkEyXkFqcGdeQXVyMDYyODA2Mw@@._V1_QL75_UY281_CR4,0,190,281_.jpg",,,,"united states, canada",,,,,,david g. derrick jr.,,2024-12-10,,,moana 2,,
,2024,0,"freya allan, kevin durand, dichen lachman, william h. macy, owen teague, peter macon, lydia peckham, sara wiseman, neil sandilands, eka darville, travis jeffery, nina gallas, ras-samuel",,,wes ball,145,,,,"action, adventure, sci-fi","https://m.media-amazon.com/images/M/MV5BZGI4NTEwNTAtZDcwMi00MDkxLTg1OGYtNTZmMzE3ZDljNzVlXkEyXkFqcGdeQXVyMTEyMjM2NDc2._V1_QL75_UX190_CR0,0,190,281_.jpg",,,,united states,PG-13,,,,,wes ball,,2024-05-08,,,kingdom of the planet of the apes,,
,2024,6000000,"camille razat, isabelle carré, franck dubosc, mélanie robert",,,frederic potier,101,,,,"biography, drama",,,,,france,,,,,,frederic potier,,2024-11-27,,,prodigieuses,,
,2024,0,"sara giraudeau, aloïse sauvage, samir guesmi, philippe rebbot, eva yelmani, amine lajiri, justine viotty, jean-philippe buzaud",,,reda kateb,,,,,,,,,,,,,,,,reda kateb,,2024-11-06,,,sur un fil,,
,2024,0,"scarlett johansson, chris hemsworth, jon hamm, steve buscemi, keegan-michael key, brian tyree henry, laurence fishburne",,,josh cooley,,,,,"animation, action, adventure","https://m.media-amazon.com/images/M/MV5BODUxNmZhNGEtODAyMS00MmM4LTg2MDgtMzU0YTVhNzZhM2YzXkEyXkFqcGdeQXVyMTMzOTE3MzMy._V1_QL75_UX190_CR0,2,190,281_.jpg",,,,united states,,,,,,josh cooley,,2024-10-23,,,transformers one,,
,2024,0,"ardal o'hanlon, charlotte friels, sarah aubrey, ed byrne, semisi cheekam, erin choy, rupert degas, neil delamere",,,mark gravas,86,,,,"animation, adventure","https://m.media-amazon.com/images/M/MV5BMWQ3ODMwYmQtMWViZi00MjhiLWIyMGItZjAwYTQxMjM4MjMxXkEyXkFqcGdeQXVyNDM1ODc2NzE@._V1_QL75_UY281_CR2,0,190,281_.jpg",,,,"germany, ireland, australia",,,,,,mark gravas,,2024-10-30,,,my freaky family,,
,2022,0,"trien de haan-zwagerman, lola sylman, nadine hwang, sylvie bianchi, christian, nelly mousset vos, joan schenkar, natalie clifford barney, jack, raymond, anne bianchi, josé rafael lovera, maria alexandra lovera, choumi, maria kurowska, elsie ragusin, mary o'shaughnessy, irene krausz-fainman",,,magnus gertten,92,,,,"documentary, history, war","https://m.media-amazon.com/images/M/MV5BNzhlMTNiMDYtNDMxNS00NDAzLThjZWEtYTAxMmVmZWRjZmZiXkEyXkFqcGdeQXVyMjQ3MTMzNDU@._V1_QL75_UY281_CR4,0,190,281_.jpg",,,,"sweden, belgium, norway",,,,,,magnus gertten,,2024-11-20,,,nelly & nadine,,
,2024,0,"denzel washington, pedro pascal, paul mescal, connie nielsen, joseph quinn, matt lucas, derek jacobi, fred hechinger, may calamawy, tim mcinnerny, peter mensah, lior raz, chidi ajufo, alexander karim, lee charles, riana duce, alfie tempest, chi lewis-parry",,,ridley scott,,,,,"action, adventure, drama","https://m.media-amazon.com/images/M/MV5BYTNmMzliMmYtNjEyZS00NGM3LWEzYWEtNmI3MGJjMTIzZjI4XkEyXkFqcGdeQXVyMTI3NjAxODc0._V1_QL75_UY281_CR0,0,190,281_.jpg",,,,"united kingdom, united states",,,,,,ridley scott,,2024-11-20,,,gladiator 2,,
,2024,26000000,"tahar rahim, victor meutelet, soufiane guerrab, rupert wynne-james, sharon mann, bastien bouillon, petra silander, etienne guillou-kervern, tiffany hofstetter, annie mercier, camille moutawakil, benjamin clery, marie-julie baup, elisabeth duda, laura lieblein adam, jérémie petrus, anaïs spinelli-herry, cyrus khodaveisi",,,mehdi idir,,,,,"biography, drama, music",,,,,france,,,,,,mehdi idir,,2024-10-23,,,monsieur aznavour,,
,2024,5000,"joshua carter, jace carter, jordyn barnett, christian hernandez",,,joshua carter,,,,,"action, adventure, drama","https://m.media-amazon.com/images/M/MV5BZjkyZDZmZDYtMzRmZS00NThhLWI1MzAtNTlmNjUwZWE4NjQwXkEyXkFqcGdeQXVyMTUwNjI3NjU5._V1_QL75_UX190_CR0,2,190,281_.jpg",,,,united states,13+,,,,,joshua carter,,2024-10-18,,,the crypto: beyond,,
,2024,0,"hicham belaoudi, lina el arabi, ouidad elma, wilfrid grenier, sairi salma",,,abel danan,,,,,"drama, horror","https://m.media-amazon.com/images/M/MV5BN2IwOWY5OWItNWI1NS00MTBhLWJmMzEtMzkxMGNhYTI2YzM3XkEyXkFqcGdeQXVyNTk3MzIyMzU@._V1_QL75_UY281_CR211,0,190,281_.jpg",,,,france,,,,,,abel danan,,2024-10-09,,,la damnée,,
,2024,0,"lupita nyong'o, pedro pascal, catherine o'hara, bill nighy, stephanie hsu, kit connor, alexandra novelle, matt berry, ving rhames, mark hamill",,,chris sanders,,,,,"animation, adventure, drama","https://m.media-amazon.com/images/M/MV5BNzg0OGUwM2UtOTJlNC00YjViLTgyN2QtNmQyYTE0NWNhZjA1XkEyXkFqcGdeQXVyMDM2NDM2MQ@@._V1_QL75_UX190_CR0,10,190,281_.jpg",,,,united states,,,,,,chris sanders,,2024-10-09,,,the wild robot,,
,2024,0,pierre niney,,,michel gondry,61,,,,,"https://m.media-amazon.com/images/M/MV5BNzIxZWZlZDUtMjk4Ny00NDVlLTgxYTktZDIwOTA0ZWJhZjQxXkEyXkFqcGdeQXVyMzA4MDA0Mjc@._V1_QL75_UY281_CR92,0,190,281_.jpg",,,,france,,,,,,michel gondry,,2024-09-25,,,"maya, donne-moi un titre",,
,2024,35059149,"adèle exarchopoulos, françois civil, nicolas wanczycki, raphaël quenard, benoît poelvoorde, élodie bouchez, vincent lacoste, alain chabat, karim leklou, jean-pascal zadi, anthony bajon, mallory wanecque, malik frikah, emmanuel dehaene, bastien trouvé, okito wembonyama, jack claudany, pierre lamoureux",,,gilles lellouche,,,,,"comedy, drama, musical","https://m.media-amazon.com/images/M/MV5BMzA2YzRmNzUtZTcxMy00ZDkzLWJhNDItZDlmY2MzYTBkMDBiXkEyXkFqcGdeQXVyMTc3NDUyNTg3._V1_QL75_UY281_CR7,0,190,281_.jpg",,,,"france, belgium",,,,,,gilles lellouche,,2024-10-16,,,beating hearts,,
,2024,200000000,"zazie beetz, joaquin phoenix, lady gaga, catherine keener, brendan gleeson, ken leung, steve coogan, jacob lofland, gattlin griffith, bill smitrovich, leigh gill, harry lawtey, tim dillon, george carroll, sam wren vincent, mike houston, sharon washington, troy metcalf",,,todd phillips,,,,,"crime, drama, musical","https://m.media-amazon.com/images/M/MV5BNTI0MjIwMDAtYWY1ZC00MDUyLWI0MzMtZGNjODRlN2Y3ZmE2XkEyXkFqcGdeQXVyMTM1NjM2ODg1._V1_QL75_UY281_CR18,0,190,281_.jpg",,,,united states,R,,,,,todd phillips,,2024-10-02,,,joker: folie à deux,,
,2024,0,"camille cottin, benoît magimel, félix lefebvre, swala emati, bamar kane, ibrahima m'baye, bass dhem, anna thiandoum",,,simon moutaïrou,,,,,drama,"https://m.media-amazon.com/images/M/MV5BNzkxNDk0ZGMtMzdkZC00NzViLWE2ZTgtNGM5NTllYmYzNzBiXkEyXkFqcGdeQXVyMzA4MDA0Mjc@._V1_QL75_UY281_CR164,0,190,281_.jpg",,,,france,,,,,,simon moutaïrou,,2024-09-25,,,ni chaînes ni maîtres,,
,2023,0,"kate winslet, alexander skarsgård, andrea riseborough, josh o'connor, andy samberg, marion cotillard, noémie merlant, james murray, samuel barnett, enrique arce, arinzé kene, zita hanrot, katalin ruzsik, harriet leitch, ian dunnett jnr, riley neldam, anita major, toni gojanovic",,,ellen kuras,116,,,,"biography, drama, history","https://m.media-amazon.com/images/M/MV5BMzQyNWVmOGItZTM4OC00MGE5LTk2MzAtZWNjYzJhYmZhZTY4XkEyXkFqcGdeQXVyMzA3NTc2NDM@._V1_QL75_UY281_CR117,0,190,281_.jpg",,,,"united kingdom, united states",R,,,,,ellen kuras,,2024-10-09,,,lee,,
,2024,6200000,"gérard darmon, didier bourdon, chantal lauby",,,hervé mimran,,,,,comedy,,,,,france,,,,,,hervé mimran,,2024-09-04,,,a l'ancienne,,
,2024,0,"vincent cassel, diane kruger, guy pearce, sandrine holt, al sapienza, elizabeth saunders, jennifer dale, ingvar sigurdsson, matt willis, jeff yung, steve switzman, eric weinthal, paddington",,,david cronenberg,119,,,,"horror, thriller","https://m.media-amazon.com/images/M/MV5BODRiOTRmMDAtZmQ5ZC00NTdjLWIxMjQtN2Y2MjZhYTQ3ZGI1XkEyXkFqcGdeQXVyMTYyMzMyNDgw._V1_QL75_UY281_CR117,0,190,281_.jpg",,,,"france, canada",,,,,,david cronenberg,,2024-09-25,,,the shrouds,,
,2024,0,"james mcavoy, aisling franciosi, dan hough, mackenzie davis, scoot mcnairy, alix west lefler, kris hitchen, motaz malhees",,,james watkins,,,,,"drama, horror, thriller","https://m.media-amazon.com/images/M/MV5BNDM1MDFlZWMtYTU2NS00ZmI3LWFlMDYtMzdkMjgwM2FlYTdjXkEyXkFqcGdeQXVyMTUzMTg2ODkz._V1_QL75_UX190_CR0,10,190,281_.jpg",,,,united states,R,,,,,james watkins,,2024-09-18,,,speak no evil,,
,2024,0,"ilai swindells, samara weaving, akmal saleh",,,alexs stadermann,85,,,,animation,"https://m.media-amazon.com/images/M/MV5BZmYzNmE2ZGYtMjU5NC00NTg1LTkyNTEtZWE1MjZlMTFkMjE4XkEyXkFqcGdeQXVyMTY1OTQzMTQx._V1_QL75_UY281_CR4,0,190,281_.jpg",,,,australia,,,,,,alexs stadermann,,2024-09-25,,,200% wolf,,
,2024,0,"gildas adannou, habib ahandessi, joséa guedje",,,mati diop,68,,,,documentary,"https://m.media-amazon.com/images/M/MV5BYTA5ZDM1NDktYmZiZC00NWMwLTkxYzAtZmY0YzAzM2EwMTdkXkEyXkFqcGdeQXVyMjYzNTk1NTE@._V1_QL75_UY281_CR2,0,190,281_.jpg",,,,"france, senegal, benin",,,,,,mati diop,,2024-09-25,,,dahomey,,
,2023,0,"mika'ela fisher, laurens walter, aurélie lamachère, philippe matic-arnauld des lions, edouard deloignon, elisa sergent",,,mika'ela fisher,100,,,,"comedy, drama, musical","https://m.media-amazon.com/images/M/MV5BYzk1ZDJjYzItOGYyOC00NjA5LTk5ZmItODA2YjA4YjM5YTk2XkEyXkFqcGdeQXVyMTg0MTAwOTA@._V1_QL75_UY281_CR5,0,190,281_.jpg",,,,"germany, france, austria",,,,,,mika'ela fisher,,2024-10-09,,,pure air of the mountain: for all and none,,
,2023,0,"bianca delbravo, dilvin asaad, safira mossberg, ida engvoll, mitja siren, marta oldenburg, alexander öhrstrand",,,mika gustafson,108,,,,drama,"https://m.media-amazon.com/images/M/MV5BNzUxMWZkMzMtMmQyMy00Mjc5LTllNWEtYTMxYTI5NGExYTE1XkEyXkFqcGdeQXVyMTIxMTAzNzU4._V1_QL75_UY281_CR6,0,190,281_.jpg",,,,"sweden, italy, denmark, finland",,,,,,mika gustafson,,2024-08-28,,,paradise is burning,,
,2024,0,"sidse babett knudsen, daniel auteuil, suliane brahim, grégory gadebois, isabelle candelier, alice belaïdi, florence janas, gaëtan roussel, jean-noël brouté, aurore auteuil, laurent bozzi, nathalie dodivers",,,daniel auteuil,,,,,drama,"https://m.media-amazon.com/images/M/MV5BZmRlYzEzMjUtYTJkZS00ZjU0LTk3NWQtZGE1ZDNjMzVhZmFhXkEyXkFqcGdeQXVyODIyOTEyMzY@._V1_QL75_UY281_CR172,0,190,281_.jpg",,,,france,,,,,,daniel auteuil,,2024-09-25,,,an ordinary case,,
,2024,0,"luke evans, sung kang, gwei lun-mei, virginia chien, wyatt yang",,,george huang,,,,,"action, thriller",,,,,,,,,,,george huang,,2024-08-21,,,weekend escape project,,
,2024,0,"james franco, tomer sisley, koen de bouw, narayan david hecter, liliya atanasova, sonia vachon",,,olivier masset-depasse,,,,,"action, adventure, thriller","https://m.media-amazon.com/images/M/MV5BOWI2MzkwNTItYmE3My00MmU1LTkwNDAtYWQxYzYxZGE0ZjcxXkEyXkFqcGdeQXVyMjU1ODkxNTc@._V1_QL75_UY281_CR5,0,190,281_.jpg",,,,"france, belgium",,,,,,olivier masset-depasse,,2024-08-07,,,largo winch: le prix de l'argent,,
,2024,0,"cate blanchett, ariana greenblatt, jack black, gina gershon, haley bennett, jamie lee curtis, kevin hart, bobby lee, janina gavankar, paula andrea placido, edgar ramírez, cheyenne jackson, florian munteanu, olivier richters, benjamin byron davis, steven boyer, ryann redmond, charles babalola",,,eli roth,102,,,,"action, adventure, comedy","https://m.media-amazon.com/images/M/MV5BOWZmOTM5YmMtNjliMi00OGRkLWIwNGUtNDI2NTE3NzZmMDdmXkEyXkFqcGdeQXVyMTUzMTg2ODkz._V1_QL75_UX190_CR0,6,190,281_.jpg",,,,united states,,,,,,eli roth,,2024-08-07,,,borderlands,,
,2024,0,"cailee spaeny, isabela merced, archie renaux, david jonsson, aileen wu, spike fearn",,,fede alvarez,,,,,"horror, sci-fi","https://m.media-amazon.com/images/M/MV5BYWI1YzdlZTUtNzExYi00MmYxLTg5OWUtNzhkMDhhOWMwM2Y5XkEyXkFqcGdeQXVyMTkxNjUyNQ@@._V1_QL75_UX190_CR0,0,190,281_.jpg",,,,"united kingdom, united states",,,,,,fede alvarez,,2024-08-14,,,alien: romulus,,
,2024,0,"ryan reynolds, hugh jackman, emma corrin, morena baccarin, rob delaney, karan soni, leslie uggams, matthew macfadyen, josh brolin, jennifer garner, brianna hildebrand, patrick stewart, shioli kutsuna, aaron stanford, lewis tan, stefan kapicic, tony mccarthy, terence hughes",,,shawn levy,,,,,"action, comedy, sci-fi","https://m.media-amazon.com/images/M/MV5BNGZjYzE4M2MtNmE5ZC00MjdkLThmYTAtNTAyNjQyN2Q4YmVlXkEyXkFqcGdeQXVyMDM2NDM2MQ@@._V1_QL75_UX190_CR0,0,190,281_.jpg",,,,united states,,,,,,shawn levy,,2024-07-24,,,deadpool & wolverine,,
,2024,0,"zoe saldana, selena gomez, edgar ramírez, mark ivanir, karla sofía gascón, adriana paz, james gerard, agathe bokja, shiraz tzarfati, eduardo aladro, line phé, eric geynes, stéphane ly-cuong, emiliano hasan, anabel lopez, lin chun-ting, marie-elisabeth robert, cyrus khodaveisi",,,jacques audiard,,,,,"comedy, crime, musical","https://m.media-amazon.com/images/M/MV5BZDlmNDY0YTItYjQ1Yy00NDg3LTkwZjEtNGM5MGYwOWQ5YmJkXkEyXkFqcGdeQXVyMTI5MzI0MDQy._V1_QL75_UY281_CR209,0,190,281_.jpg",,,,"france, united states, mexico",,,,,,jacques audiard,,2024-08-28,,,emilia perez,,
,2023,0,"harrison evans, sylvester groth, shirley henderson, alice henley, jonathan livingstone, emily mccormick, kwaku mills, anne reid, amber rose revah, david schaal, rufus sewell, alan tudyk, indira varma, olivia williams",,,matt winn,89,,,,comedy,"https://m.media-amazon.com/images/M/MV5BNWZlNjIyOWQtNDVlMS00MzEyLWI3MWUtMDE3NTRhNTQ1NjRkXkEyXkFqcGdeQXVyMTk4Mzk1NTE@._V1_QL75_UY281_CR0,0,190,281_.jpg",,,,united kingdom,,,,,,matt winn,,2024-07-17,,,the trouble with jessica,,
,2024,200000000,"glen powell, katy o'brian, daisy edgar-jones, maura tierney, david corenswet, kiernan shipka, daryl mccormack, anthony ramos, sasha lane, brandon perea, harry hadden-paton, nik dodani, jaci simon, stephen oyoung, david taylor, tunde adebimpe, samantha ireland, jobie james",,,lee isaac chung,,,,,"action, adventure, thriller","https://m.media-amazon.com/images/M/MV5BZWI1ZDAxOWYtNDlmNy00NTkzLTlhZDEtMTcwMmZjOTY2NjBjXkEyXkFqcGdeQXVyMDM2NDM2MQ@@._V1_QL75_UX190_CR0,10,190,281_.jpg",,,,united states,,,,,,lee isaac chung,,2024-07-17,,,twisters,,
,2023,0,"harry einhorn, tandin wangchuk, tandin sonam, tandin phubz, pema zangmo sherpa, deki lhamo, yuphel lhendup selden, kelsang choejay, choeying jatsho",,,pawo choyning dorji,107,,,,"comedy, drama","https://m.media-amazon.com/images/M/MV5BZTNmNDIyOTQtMjkxMy00MzEwLWExODktODZiN2RkNTYzNWQxXkEyXkFqcGdeQXVyNzMzOTQ0ODM@._V1_QL75_UY281_CR2,0,190,281_.jpg",,,,"bhutan, taiwan, france, united states, hong kong",PG-13,,,,,pawo choyning dorji,,2024-08-07,,,the monk and the gun,,
,2023,0,"jimmy o. yang, j.k. simmons, chloe bennet, lisa lu, sharon horgan, catherine tate, john cleese, nick heath, naomi mcdonald, rebecca yeo, raza jaffrey, alexander rodriguez, kerry shale",,,ross venokur,93,,,,"animation, comedy, family","https://m.media-amazon.com/images/M/MV5BMWMzNjgwY2UtODNmYS00ODk5LWI0MGYtZTM1MTYyNzQzNmYyXkEyXkFqcGdeQXVyMjMwODE4ODI@._V1_QL75_UX190_CR0,0,190,281_.jpg",,,,"united states, united kingdom, united arab emirates",PG,,,,,ross venokur,,2024-07-31,,,rally road racers,,
,2024,0,"roschdy zem, laëtitia eïdo, jeanne michel, dimitri storoge, frédéric maranber, aguibou ba, leonid glushchenko, sherwan haji, nabil elouahabi, murat subasi, randa berrouba-tani",,,florent-emilio siri,,,,,action,"https://m.media-amazon.com/images/M/MV5BMTU1MTY5ZWQtOGZlYy00YzhkLTkzNjUtMDE3OTY1M2MwYWVjXkEyXkFqcGdeQXVyMzA4MDA0Mjc@._V1_QL75_UY281_CR178,0,190,281_.jpg",,,,,,,,,,florent-emilio siri,,2024-07-03,,,elyas,,
,2024,25000000,"manu payet, clara luciani, jérôme niel, kyan khojandi, akil wingate",,,philippe duchene,85,,,,"animation, adventure, family","https://m.media-amazon.com/images/M/MV5BNmFkNDIxYjEtNTk3Ny00YzIzLWIwZjctODU4NjFlMTU3MmQ2XkEyXkFqcGdeQXVyMjAyOTY3OTY@._V1_QL75_UY281_CR238,0,190,281_.jpg",,,,"france, canada",,,,,,philippe duchene,,2024-07-10,,,"zak & wowo, la légende de lendarys",,
,2024,0,"chris pratt, samuel l. jackson, hannah waddingham, ving rhames, nicholas hoult, cecily strong, harvey guillén, brett goldstein, bowen yang, snoop dogg, dev joshi, lynsey murrell, alicia grace turrell, luke cinque-white",,,mark dindal,101,,,,"animation, adventure, comedy","https://m.media-amazon.com/images/M/MV5BNGQ2MTc1MGUtNTIxZS00ZmIwLTkyYWUtMzViM2U5NmEyOWE2XkEyXkFqcGdeQXVyMDA4NzMyOA@@._V1_QL75_UY281_CR18,0,190,281_.jpg",,,,"united kingdom, united states",PG,,,,,mark dindal,,2024-07-17,,,the garfield movie,,
,2024,0,"megan northam, dimitri doré, sébastien pouderoux, catherine salée, sam louwyck, roman williams, sofia lesaffre, nicolas avinée, yoann thibaut mathias, arcadi radeff, sabine timoteo, marie bray, christian bouillette",,,jérémy clapin,89,,,,"adventure, drama, sci-fi","https://m.media-amazon.com/images/M/MV5BMDhjM2IzNTgtYTA5Ny00ZGIwLWE3MjgtNzA5MDU0MmFhNWFlXkEyXkFqcGdeQXVyMTE5NTM5NTU5._V1_QL75_UY281_CR9,0,190,281_.jpg",,,,france,,,,,,jérémy clapin,,2024-07-03,,,pendant ce temps sur terre,,
,2023,0,"leonardo sbaraglia, lali espósito, julieta zylberberg, marcelo subiotto, andrea frigerio, luis ziembrowski, cristina banegas, camila peralta, alejandra flechner, héctor bidonde, mara bestelli, juan luppi, damián dreizik, claudia cantero, gaspar offenhenden, zulema galperín, teresa calandra, liliana juárez",,,maría alché,109,,,,"comedy, drama","https://m.media-amazon.com/images/M/MV5BYWIxOWJhNzktOGQxMC00MWVjLTliYmUtMGQyYjVlZDliMzBiXkEyXkFqcGdeQXVyMTU3NDU4MDg2._V1_QL75_UY281_CR4,0,190,281_.jpg",,,,"argentina, italy, germany, france, brazil",,,,,,maría alché,,2024-07-03,,,puan,,
,2024,0,"steve carell, kristen wiig, joey king, will ferrell, sofía vergara, miranda cosgrove, dana gaier, madison skyy polan, pierre coffin, steve coogan, stephen colbert, chloe fineman",,,chris renaud,,,,,"animation, adventure, comedy","https://m.media-amazon.com/images/M/MV5BNDc0NjgzNjItMDMwZS00YmE1LWEzZDgtMGQ5ZDk4MzllN2IzXkEyXkFqcGdeQXVyMTkxNjUyNQ@@._V1_QL75_UX190_CR0,10,190,281_.jpg",,,,united states,PG,,,,,chris renaud,,2024-07-03,,,despicable me 4,,
,2024,0,"rikiya koyama, minami takayama, wakana yamazaki",,,chika nagaoka,90,,,,"animation, mystery, romance","https://m.media-amazon.com/images/M/MV5BOTBhOTlkNDctMDg1Zi00MGViLWJhMTUtMTU1OWEyYTUzZjdhXkEyXkFqcGdeQXVyNzAwMjU2MTY@._V1_QL75_UY281_CR5,0,190,281_.jpg",,,,japan,,,,,,chika nagaoka,,2024-06-19,,,meitantei konan hyakuman doru no michishirube,,
,2023,0,"mathias legout hammond, élodie bouchez, jean-charles clichet, céleste brunnquell, laly mercier, louis peres, angèle metzger, bakary diombera, anne benoît, valérie lemaitre, bruno georis, géraldine pochon, mila ruozo, noan lazhar, suzon renaud, cédric mazzec, rolland gervet, véronique frumy",,,céline rouzet,104,,,,drama,"https://m.media-amazon.com/images/M/MV5BOTAwMGE5ZmQtOTM2OS00OWEzLTk4M2YtNWVjZGIxODNjMWEyXkEyXkFqcGdeQXVyODY0MDQ3NTI@._V1_QL75_UY281_CR116,0,190,281_.jpg",,,,"france, belgium",,,,,,céline rouzet,,2024-06-12,,,for night will come,,
,2023,0,"yorgos tsiantoulas, andreas labropoulos, roubini vasilakopoulou, nikolaos mihas, vasilis tsigristaris, jacques simha, lena giaka",,,zacharias mavroeidis,106,,,,comedy,"https://m.media-amazon.com/images/M/MV5BYjVjYTc4ZjYtMmQ1Zi00NDM2LTgwOWUtMTIzNTRjZmVhY2U1XkEyXkFqcGdeQXVyNzg5OTk2OA@@._V1_QL75_UY281_CR6,0,190,281_.jpg",,,,greece,,,,,,zacharias mavroeidis,,2024-06-19,,,the summer with carmen,,
,2024,43000000,"pierre niney, pierfrancesco favino, anaïs demoustier, anamaria vartolomei, laurent lafitte, oscar lesage, vassili schneider, julien de saint jean, bastien bouillon, patrick mille, matthew t. reynolds, bruno raffaelli, françoise gazio, abde maziane, kurt laferla, axel baille, olivier le montagner, jonathan balzan",,,alexandre de la patellière,,,,,"action, adventure, drama","https://m.media-amazon.com/images/M/MV5BODMwZWQ0MDgtMDg4MC00MTEyLTk1YmItMzFiYTBjZDcwNWFiXkEyXkFqcGdeQXVyMTMxMjkyMDY@._V1_QL75_UY281_CR18,0,190,281_.jpg",,,,france,,,,,,alexandre de la patellière,,2024-06-28,,,the count of monte-cristo,,
,2023,0,"shin seok-ho, ha seong-guk, kim seung-yun, kim min-hee",,,hong sang-soo,61,,,,drama,"https://m.media-amazon.com/images/M/MV5BNWRhYTMzMjAtY2RlNy00NDU0LWJkZDItYjRkYTAzYjFkM2M0XkEyXkFqcGdeQXVyMTg5MDEyNw@@._V1_QL75_UY281_CR1,0,190,281_.jpg",,,,south korea,,,,,,hong sang-soo,,2024-06-26,,,in water,,
,2023,0,"kader affak, souad arsane, mostefa djadjam, magdalena laubisch, hamza meziani, karina testa, abbes zahmani",,,karim bensalah,96,,,,drama,"https://m.media-amazon.com/images/M/MV5BNDQzMTM0NTAtMWYxZS00MWQ1LWI0NTItYTgxYTcwOWExOTcxXkEyXkFqcGdeQXVyNjM5ODMxODM@._V1_QL75_UY281_CR4,0,190,281_.jpg",,,,france,,,,,,karim bensalah,,2024-06-19,,,six pieds sur terre,,
,2024,0,"thomas lemoine, gaël tavares, pierre lottin, lionnel astier, melissa izquierdo, alain bouzigues, hichem yacoubi, meledeen yacoubi, benjamin baffie, lotfi abdelli",,,dimitri lemoine,87,,,,comedy,"https://m.media-amazon.com/images/M/MV5BMzE0ZTkxNTAtZjZjYi00ZDJhLWE2Y2QtMjIxM2NkODE3MTM0XkEyXkFqcGdeQXVyNDEzMzk0NDU@._V1_QL75_UY281_CR11,0,190,281_.jpg",,,,france,,,,,,dimitri lemoine,,2024-06-12,,,la gardav,,
,2023,0,"ariane castellanos, marc-andré grondin, nelson coronado, marc beaupré, micheline bernard, marvin coroy, eve duranceau, wilson guerrero, gerardo miranda, luis oliva, antonio ortega, hubert proulx, émile schneider",,,pier-philippe chevigny,90,,,,drama,"https://m.media-amazon.com/images/M/MV5BY2IxNGExYTYtMGZjYS00ZmRkLWI1MGYtOGY1ZTM5OTRlMWIwXkEyXkFqcGdeQXVyMTIzMzEzNw@@._V1_QL75_UX190_CR0,2,190,281_.jpg",,,,"canada, france",,,,,,pier-philippe chevigny,,2024-06-05,,,richelieu,,
,2024,0,"daniel auteuil, laurent bozzi, anne-françoise brillot, jean-noël brouté, isabelle candelier, gaspard danel, gloria deparis, dimitri doré, yann frisch, élodie huber, sandrine kiberlain, patrick ligardes, james loup, leslie menu, onnen mina, pia mougeot, florence muller, nusch",,,bruno podalydès,96,,,,comedy,"https://m.media-amazon.com/images/M/MV5BNDZhNGM0ZjQtYTBjNC00MDc1LWI2MTItOTQ1ZTc0MmExMGY5XkEyXkFqcGdeQXVyMzA4MDA0Mjc@._V1_QL75_UY281_CR155,0,190,281_.jpg",,,,france,,,,,,bruno podalydès,,2024-06-05,,,la petite vadrouille,,
,2024,0,"dakota fanning, olwen fouéré, georgina campbell, siobhan hewlett, charles camrose, alistair brammer, hannah howland, oliver finnegan, seán t. ó meallaigh, anthony morris, shane o'regan, kya brame, emily dargan, hannah dargan, eabha connolly, jim tighe, charlie mann, jacob greenway",,,ishana shyamalan,,,,,"fantasy, horror, mystery","https://m.media-amazon.com/images/M/MV5BOTE5ZTY3NzktYmVkNS00NzRhLWI3YzUtNTA3MDVkYmIzMGVmXkEyXkFqcGdeQXVyMjYwNDA2MDE@._V1_QL75_UX190_CR0,2,190,281_.jpg",,,,united states,,,,,,ishana shyamalan,,2024-06-05,,,the watchers,,
,2023,0,"arthur, emma avena, amir baylly, jenny bel'air, la bourette, nathan callot, kori ceballos, liz christin, iris crosnier, naëlle dariya, tom dekel, clara deshayes, virginie despentes, eleonore, castiel emery, le filip, pierre et gilles, noam iroual",,,paul b. preciado,98,,,,documentary,"https://m.media-amazon.com/images/M/MV5BZTAyZjIzZmEtYjY4Ni00YmRiLWJlODctOTc0OGQ5MDI1ZThmXkEyXkFqcGdeQXVyMTY3ODkyNDkz._V1_QL75_UX190_CR0,2,190,281_.jpg",,,,france,Unrated,,,,,paul b. preciado,,2024-06-05,,,"orlando, my political biography",,
,2024,0,"irène jacob, grégoire colin, cyril gueï",,,rithy panh,90,,,,drama,"https://m.media-amazon.com/images/M/MV5BZjEyZjg5NzUtNTA3Zi00ZmViLTg1MGYtNGEzNzZlODEyM2U4XkEyXkFqcGdeQXVyODIyOTEyMzY@._V1_QL75_UY281_CR18,0,190,281_.jpg",,,,"cambodia, france",,,,,,rithy panh,,2024-06-05,,,rendez-vous avec pol pot,,
,2024,0,"luke stratte-mcclure, julien romano, catalina cuevas, constantin leu, charlotte landoy, jiahui chou, zita wang, dylan louhoungou, haô ting, ghjulia van muylders",,,sofiene mamdi,92,,,,thriller,"https://m.media-amazon.com/images/M/MV5BZjllM2FmOWQtMDNkNi00OGI0LWFlN2EtZTkzODBhYzdjZDJhXkEyXkFqcGdeQXVyMTI2MDUxMzA2._V1_QL75_UX190_CR0,0,190,281_.jpg",,,,france,,,,,,sofiene mamdi,,2024-05-29,,,assemblage,,
,2022,0,"alejandro hincapié, camilo machado, alejandro mendigana, julian david moncada, camilo najar, juan pérez, sharllot zodoma, víctor gaviria, theo montoya, julian stevens arias, jonathan leandro cadavid, jerónimo rendón deossa, alejandro duque, jhonatan solei hernández, tailyn valencia, sergio pérez",,,theo montoya,75,,,,"documentary, drama","https://m.media-amazon.com/images/M/MV5BOGQxOGEzM2UtNDU2Yi00NTY4LTg2M2MtNjk0N2RmYWY2ODY2XkEyXkFqcGdeQXVyMTMwNjQxNDU1._V1_QL75_UY281_CR5,0,190,281_.jpg",,,,"colombia, romania, france, germany",,,,,,theo montoya,,2024-05-29,,,anhell69,,
,2023,100000,"alan nehama, dutch welch, aliya campbell, donald mcqueen, vilma ortiz donovan, sarah elizabeth grace, eileen weisinger, catherine taaffe, josh philip weinstein, brian kelly, tarina webb, jessica chastain, brooke timber, karen roach, anthony aikens, mario moreno, rick firpi, oriana venchiarutti",,,michel franco,103,,,,drama,"https://m.media-amazon.com/images/M/MV5BODY0OWE3NTAtZjJkMS00YjVlLWJiZDktMzViMDE3Y2Q2MWQ0XkEyXkFqcGdeQXVyMDA4NzMyOA@@._V1_QL75_UX190_CR0,1,190,281_.jpg",,,,"mexico, united states",R,,,,,michel franco,,2024-05-29,,,memory,,
,2022,0,"yang jae-seong, kim seo-hyeong, mi-won won, shin yun-sook",,,lee sol-hui,100,,,,"crime, drama, thriller","https://m.media-amazon.com/images/M/MV5BY2E2M2I5YzUtNGYwOC00YzNlLWI5NWUtNTY3YzI0MTNhYzEyXkEyXkFqcGdeQXVyMTE5NTM5NTU5._V1_QL75_UY281_CR4,0,190,281_.jpg",,,,south korea,,,,,,lee sol-hui,,2024-05-29,,,greenhouse,,
,2024,168000000,"anya taylor-joy, chris hemsworth, charlee fraser, angus sampson, tom burke, nathan jones, alyla browne, lachy hulme, daniel webber, nat buchanan, spencer connelly, goran d. kleut, david collins, ian roberts, matuse, maleeka gasbarri, rahel romahn, yeye zhou",,,george miller,,,,,"action, adventure, sci-fi","https://m.media-amazon.com/images/M/MV5BNmYzMWVjNmQtNjJjNy00M2Y4LTkzZjQtZWQ5NmYzMjRjMDIzXkEyXkFqcGdeQXVyMTM1NjM2ODg1._V1_QL75_UY281_CR18,0,190,281_.jpg",,,,australia,,,,,,george miller,,2024-05-22,,,furiosa: a mad max saga,,
,2024,0,"kathryn newton, giancarlo esposito, dan stevens, kevin durand, alisha weir, melissa barrera, matthew goode, angus cloud, william catlett",,,matt bettinelli-olpin,109,,,,"horror, thriller","https://m.media-amazon.com/images/M/MV5BY2JlYjlkNzMtNTU3OS00NDVmLTk4NTYtYTM4ZTEwMGM4NDBiXkEyXkFqcGdeQXVyMTUzMTg2ODkz._V1_QL75_UX190_CR0,10,190,281_.jpg",,,,"ireland, united states",R,,,,,matt bettinelli-olpin,,2024-05-29,,,abigail,,
,2022,9650000,"denis ménochet, kacey rohl, k.c. collins, jhaleil swaby, laurent lemaire, michaëna benoit, melissa toussaint, pascal tshilambo, veronique verhoeven, kemware heru nethier, chip chuipka, peter bryant, philippe lavalette, sara montpetit, robin t. rose, elizabeth eveillard, gytana theobrun, gillian doria",,,anaïs barbeau-lavalette,96,,,,drama,"https://m.media-amazon.com/images/M/MV5BNjZkYzE2MDYtOWQ3YS00MTI4LTkzZjItZDYwZTExYzFjZWMyXkEyXkFqcGdeQXVyMTM1MDExOTE2._V1_QL75_UY281_CR2,0,190,281_.jpg",,,,canada,,,,,,anaïs barbeau-lavalette,,2024-05-22,,,white dog,,
,2024,0,"pawan malhotra, jayy randhawa, deep sehgal",,,maneesh bhatt,,,,,drama,"https://m.media-amazon.com/images/M/MV5BNDk1NTE0MTItYmE1NS00YWY0LWJmYTktNzUzOTYyZWNjMTUwXkEyXkFqcGdeQXVyOTc2MTU2MzU@._V1_QL75_UY281_CR18,0,190,281_.jpg",,,,india,,,,,,maneesh bhatt,,2024-05-17,,,je jatt vigad gya,,
,2023,0,"laurent bonnet, joel gosset, olivier gourmet, dave johns, brigitte poupart, vanessa van durme",,,david lambert,83,,,,"comedy, drama","https://m.media-amazon.com/images/M/MV5BMTNlZDcxYjMtZTk3My00NTBlLTk1MTAtMjUyOTkyNTAzOTlmXkEyXkFqcGdeQXVyMTYyMDQ1OTAz._V1_QL75_UY281_CR9,0,190,281_.jpg",,,,"belgium, canada",,,,,,david lambert,,2024-05-15,,,turtles,,
,2023,0,"santiago sandoval, fernando cuautle, esteban caicedo, isabel yudice, mónica del carmen, roberto ramos, alejandrina osorio, ivan flores, german carrizales, .carlos gerardo garcia silva, salvador rico, ricardo tadeo, ari axel hernandez, david deleo, diego resendiz, iván gonzález, daniel montano, lourdes millan",,,david zonana,88,,,,"drama, mystery, thriller","https://m.media-amazon.com/images/M/MV5BYmQ4YTE2MWUtMmI4Yi00NTYxLThkNTctY2RkYjhmMTJmYTI1XkEyXkFqcGdeQXVyNjM0MTI4Mw@@._V1_QL75_UY281_CR19,0,190,281_.jpg",,,,"mexico, sweden",,,,,,david zonana,,2024-05-22,,,heroic,,
,2023,0,"handam r. marak, balsrame a. sangma, celestine k. sangma, torikhu a. sangma",,,dominic sangma,127,,,,drama,"https://m.media-amazon.com/images/M/MV5BNjY1NTI0MGUtM2M1Ny00MGZjLWE0Y2YtODFlMTIwM2ZjZThiXkEyXkFqcGdeQXVyMTQ3Mzk2MDg4._V1_QL75_UX190_CR0,0,190,281_.jpg",,,,"india, china, switzerland, qatar, netherlands",,,,,,dominic sangma,,2024-05-15,,,rapture,,
,2023,0,"fred blin, léonie dahan-lamort, lilith grasmug, cyril metzger, maxime rohart",,,romain de saint-blanquat,90,,,,drama,"https://m.media-amazon.com/images/M/MV5BYzUyYTZhN2MtY2FlMC00YjU0LWFkOGMtOWNjNjQxYjlmMzc0XkEyXkFqcGdeQXVyMTMxMTIwMTE0._V1_QL75_UY281_CR155,0,190,281_.jpg",,,,france,,,,,,romain de saint-blanquat,,2024-05-15,,,la morsure,,
,2022,0,"nisrin erradi, jalila talemsi, nisrine benchara, rayhan guaran",,,yasmine benkiran,83,,,,adventure,"https://m.media-amazon.com/images/M/MV5BY2YzMmYyNzYtOGIzZC00NDcyLTgzNGEtY2UyYzAwNjJkNWIwXkEyXkFqcGdeQXVyMTU0NjQzMTky._V1_QL75_UY281_CR8,0,190,281_.jpg",,,,"france, morocco",,,,,,yasmine benkiran,,2024-05-15,,,queens,,
,2024,0,"bouli lanners, thomas vandenberghe, céleste brunnquell, klaus christian schreiber, livia arditti, arnmundur ernst björnsson, nelly henrion, lisa karlström, lisa loven kongsli, anthéa marques, wim willaert, alexander zammit, elodie barthels, jelle de beule, jean-franck perez, éric soriano",,,antoine raimbault,95,,,,thriller,,,,,"france, belgium",,,,,,antoine raimbault,,2024-05-01,,,une affaire de principe,,
,2023,21000000,"oliver masucci, fanny ardant, john cleese, bronwyn james, joaquim de almeida, luca barbareschi, milan peschel, fortunato cerlino, mickey rourke, luisiana kornuta steffen, danny exnar, irina kastrinidis, alexander petrov, danylo kotov, anton pampushnyy, ilia volok, marina strakhova, ema mur",,,roman polanski,100,,,,"comedy, drama","https://m.media-amazon.com/images/M/MV5BYmJkYmEzZmItYjhhYS00NDJlLWEzNzUtMzRhNjA0NWViMWY4XkEyXkFqcGdeQXVyMjQ4NjA2MjU@._V1_QL75_UY281_CR4,0,190,281_.jpg",,,,"italy, switzerland, poland, france",,,,,,roman polanski,,2024-05-15,,,the palace,,
,2023,0,no casting,,,nicolas peduzzi,102,,,,documentary,"https://m.media-amazon.com/images/M/MV5BMzNjMTBkNDktMjYyYy00MGY0LWJjOGMtYTcyZjAxZWFjYWE0XkEyXkFqcGdeQXVyODgxMDAxMjY@._V1_QL75_UY281_CR9,0,190,281_.jpg",,,,france,,,,,,nicolas peduzzi,,2024-05-01,,,état limite,,
,2024,0,"fatima adoum, mariama gueye, corinne masiero, salimata kamate, kool shen, marie-sohna condé, maïmouna gueye, lucie charles-alfred, abdallah charki",,,nessim chikhaoui,87,,,,,"https://m.media-amazon.com/images/M/MV5BOGRiNjdlMjYtZTUzYS00MzhkLTkxYTctNjg4MGIzN2RkMDYyXkEyXkFqcGdeQXVyMTE5NTM5NTU5._V1_QL75_UY281_CR11,0,190,281_.jpg",,,,france,,,,,,nessim chikhaoui,,2024-05-01,,,petites mains,,
,2023,0,"diego murgia, benjamin tellier, jean devie, emmanuelle bercot, raphaël quenard",,,michaël dichter,95,,,,,"https://m.media-amazon.com/images/M/MV5BNDI1YjcyMjgtYTlhZS00NTcyLWE3ZDUtNDIwZDIwZDllNWZhXkEyXkFqcGdeQXVyMjA0NzcwMjI@._V1_QL75_UY281_CR155,0,190,281_.jpg",,,,france,,,,,,michaël dichter,,2024-05-01,,,the fantastic three,,
,2024,0,"artus, clovis cornillac, alice belaïdi, marc riso, céline groussard, gad abecassis, ludovic boul, stanislas carmont, marie colin, thibaut conan, mayane sarah el baze, théophile leroy, boris pitoëff, sofian ribes, arnaud toupense, benjamin vandewalle",,,artus,99,,,,comedy,"https://m.media-amazon.com/images/M/MV5BMGRhNTQ3MjYtYWIzMi00YmJiLTkzZmYtYzMwZGI3NDFmNWU3XkEyXkFqcGdeQXVyMjAxNjM0OA@@._V1_QL75_UY281_CR9,0,190,281_.jpg",,,,france,,,,,,artus,,2024-05-01,,,un p'tit truc en plus,,
,2024,100000,"alex lutz, léa drucker, nora hamzawi, louise chevillotte, arcadi radeff, laurence côte, jonny carlo, alain chamfort, céline karter, matthieu lucci, eric marcel, vincent nemeth, christophe paou, olivier rabourdin, alexandre steiger, jesse guttridge",,,pascal bonitzer,91,,,,drama,"https://m.media-amazon.com/images/M/MV5BYTZmMjVkNzAtZDBiNS00ZmFhLWIzZWMtMWRjYTFjMTRkMzg5XkEyXkFqcGdeQXVyOTMyMjYwNTA@._V1_QL75_UX190_CR0,2,190,281_.jpg",,,,france,,,,,,pascal bonitzer,,2024-05-01,,,le tableau volé,,
,2024,0,"ryan gosling, emily blunt, aaron taylor-johnson, hannah waddingham, teresa palmer, stephanie hsu, winston duke, zara michales, madeleine jones, david collins, ben knight, adam dunn, matuse, charlotte wood, nova onas, magdalena alexandra, daniel nelson, tim franklin",,,david leitch,126,,,,"action, comedy, drama","https://m.media-amazon.com/images/M/MV5BMzkwOGUxYzctZDRlZS00YmZkLTk2YjktMGNlYmI1NjQ5NzljXkEyXkFqcGdeQXVyMTAxNzQ1NzI@._V1_QL75_UX190_CR0,10,190,281_.jpg",,,,united states,PG-13,,,,,david leitch,,2024-05-01,,,the fall guy,,
,2024,0,"sidse babett knudsen, sebastian bull, dar salim, marina bouras, olaf johannessen, bashar al-saoudi, frantz dupuis, jacob lohmann, jesus vicente torresano lominchar, siir tilif, liv tolsager, thomas voss, rami zayat",,,gustav möller,100,,,,"drama, thriller","https://m.media-amazon.com/images/M/MV5BODQ1YTA4MjgtNTNkNS00N2JmLTljMzktNmFiZmZhZDc1Zjc3XkEyXkFqcGdeQXVyMTc5OTQwMzk@._V1_QL75_UY281_CR18,0,190,281_.jpg",,,,"denmark, sweden, france",,,,,,gustav möller,,2024-05-01,,,sons,,
,2023,0,"francisco hyjno kraho, ilda patpro kraho, luzia cruwakwyj kraho, solane tehtikwyj kraho, raene kôtô krahô, debora sodre",,,renée nader messora,123,,,,drama,"https://m.media-amazon.com/images/M/MV5BNzYyYjE2NjktOWZiMS00N2Q5LWExYzMtZTYwY2MzZWZkY2VmXkEyXkFqcGdeQXVyNDY5NTQyMDU@._V1_QL75_UY281_CR46,0,190,281_.jpg",,,,"portugal, brazil",,,,,,renée nader messora,,2024-05-01,,,the buriti flower,,
,2024,0,"mathieu kassovitz, yvan attal, alma jodorowsky, anaïs parello, viggo ferreira-redier, victor escoudé-oury, enzo bonnet, fernand texier, cécile morel",,,olivier casas,105,,,,drama,,,,,france,,,,,,olivier casas,,2024-04-27,,,frères,,
,2024,0,"marilú marini, alfredo arias, arthur aumard, valentin clerc, copi, alicia devidal, luca fiorello, yolène guais, lawrence leherissey, pierre maillet, david marain, bruno marsol, arthur nauzyciel, thomas nicolle, judith scotto, simon terrenoire, marc toupence, elsa verdon",,,sandrine dumas,86,,,,documentary,"https://m.media-amazon.com/images/M/MV5BOWUwNTc5ZDYtZWI4Zi00NjYwLTg4ZDgtZmU5MzE0MjRlYTg5XkEyXkFqcGdeQXVyMDA5MDg4Nw@@._V1_QL75_UY281_CR9,0,190,281_.jpg",,,,"france, argentina",,,,,,sandrine dumas,,2024-04-24,,,marilú,,
,2024,0,no casting,,,claus drexel,96,,,,documentary,"https://m.media-amazon.com/images/M/MV5BYWM3NzI0ZDUtMWQwYi00MWM4LTk5NTAtMzkyNDA1YjUyMDY5XkEyXkFqcGdeQXVyMDA5MDg4Nw@@._V1_QL75_UY281_CR11,0,190,281_.jpg",,,,france,,,,,,claus drexel,,2024-04-24,,,les vieux,,
,2023,0,"ifham mathet, bahia boutia el oumani, mustafa shimdat, jaafar brigui",,,leila kilani,127,,,,drama,"https://m.media-amazon.com/images/M/MV5BNDExMzhmNmUtYTkzMC00ZmUxLTk4MDAtZDQyZWNmMjkwZjNmXkEyXkFqcGdeQXVyMTQ5Mzc5MDU@._V1_QL75_UY281_CR4,0,190,281_.jpg",,,,"france, morocco",,,,,,leila kilani,,2024-04-24,,,indivision,,
,2024,0,"daniel berlioux, oussem kadri, majida ghomari, véronique frumy, sofiane kaddour, timothée vaganay, gérard chaillou, farès choua, najla barouni, laurent borel, rachid moura, séverine warneys, léopold bellanger, morgane housset, chloe di gregorio, agnès godey, anne sicard, nathalie charade",,,cheyenne carron,108,,,,"biography, drama","https://m.media-amazon.com/images/M/MV5BNjNlODRhZDEtNDgzZi00YzAwLTljODUtMTQ5OWE0YWFkODcyXkEyXkFqcGdeQXVyMTcxMDg0MDc0._V1_QL75_UY281_CR11,0,190,281_.jpg",,,,france,,,,,,cheyenne carron,,2024-04-24,,,que notre joie demeure,,
,2024,35000,"mark austin, emma chaibedra, sébastien fouillade, maud imbert, izzy",,,bruno mercier,82,,,,thriller,"https://m.media-amazon.com/images/M/MV5BMWY4YmY4ZGItOGUyOC00MmQxLTk2YTQtODU5Mjc1MmIxYWU0XkEyXkFqcGdeQXVyMTI3Mjc5NTYw._V1_QL75_UY281_CR11,0,190,281_.jpg",,,,france,,,,,,bruno mercier,,2024-04-24,,,citadel,,
,2024,0,"andré dussollier, thierry lhermitte, sabine azéma, sébastien chassagne, joséphine de meaux, gaël giraudeau, michel boujenah, céline esperin",,,ivan calbérac,94,,,,,,,,,france,,,,,,ivan calbérac,,2024-04-24,,,n'avoue jamais,,
,2023,0,"elsa mala, albina krasniqi, don shala, aurora ferati, gani rrahmani, urate shabani, armend smajli, tristan halilaj",,,luàna bajrami,94,,,,drama,"https://m.media-amazon.com/images/M/MV5BNzljNmM3YzctMWJjOS00OWIwLTliZDMtOTk4ZjcxNWIxMTQwXkEyXkFqcGdeQXVyMTU5OTA4NTIz._V1_QL75_UY281_CR116,0,190,281_.jpg",,,,"france, kosovo",,,,,,luàna bajrami,,2024-04-24,,,bota jonë,,
,2023,0,"noée abita, anders danielsen lie, alexis neises, françois morel, louise chevillotte, saadia bentaïeb, chad chenouga, sonia bendhaou, andranic manet, valérie trajanovski, hugo hamdad, valérie dashwood, dan herzberg, guilhem amesland, estelle meyer, omar mebrouk, baptiste fache, eloïse valli",,,victoria musiedlak,98,,,,drama,"https://m.media-amazon.com/images/M/MV5BNjg1MTc5ZjktNGUwZi00ZjY4LThiMzYtMGVmY2M1YmI3M2UzXkEyXkFqcGdeQXVyNDIzODM5NzY@._V1_QL75_UY281_CR139,0,190,281_.jpg",,,,france,,,,,,victoria musiedlak,,2024-04-24,,,première affaire,,
,2024,0,"virginie ledoyen, paul hamy, sandrine bonnaire, francis renaud, malik zidi, cameron bain, lya oussadit-lessert, chloé coulloud, christophe favre, emmanuel lanzi, emmanuel bonami, elisabeth duda, maxime nieto, jeremy margallé, audrey golay, antoine levannier, stéphane dausse, wendy grenier",,,alexandre bustillo,108,,,,"horror, thriller","https://m.media-amazon.com/images/M/MV5BYzY4ZTE3NGQtMWY4Mi00OWVkLWE5Y2QtM2Y0NmRiZTFlMDk5XkEyXkFqcGdeQXVyMTY4Mjk3MzE@._V1_QL75_UY281_CR156,0,190,281_.jpg",,,,france,,,,,,alexandre bustillo,,2024-04-24,,,the soul eater,,
,1971,0,"paul eyam nzie okpokam, mike slye, elaine featherstone, lothario lotho, james earl garrison, ann scofield, shermane powell, jack nance, david schickele, donna michelson, timothy near, patrick gleeson, david major, curtis branch, florence schwartz, john dotson",,,david schickele,73,,,,drama,"https://m.media-amazon.com/images/M/MV5BM2E0MmNjMWItODMwNi00YzVlLWE3N2QtMmU5N2I5YTg3NDgzXkEyXkFqcGdeQXVyNTM0NTU5Mg@@._V1_QL75_UX190_CR0,0,190,281_.jpg",,,,united states,,,,,,david schickele,,2024-04-24,,,bushman,,
,2023,0,"ido tako, mika reiss, efrat ben tzur, tikva dayan, shmulik cohen, yariv horowitz, seif nabul, mushy vider",,,dani rosenberg,105,,,,"drama, thriller, war","https://m.media-amazon.com/images/M/MV5BNGQ1YzFiYWUtNjIwMC00MzdkLThmMjctZDhkYmExODAzMTNmXkEyXkFqcGdeQXVyMTIxMTAzNzU4._V1_QL75_UY281_CR6,0,190,281_.jpg",,,,israel,,,,,,dani rosenberg,,2024-04-24,,,the vanishing soldier,,
,2023,0,"adonis sklavenas, adriana teplytska, aggelos georgiadis, alexandros sotiriou, alia shawkat, anastasia chaldaiou, anastasia drakou, makiko yamaguchi, anastasia roditi, anna papaspati, anthony cornaga, antonia orfanou, argiris georgalas, brenda kirmis, david rawstron, christina chatzimarinaki, agni politaki, elvis allarai",,,anthony chen,93,,,,drama,"https://m.media-amazon.com/images/M/MV5BZWVhOWJjMTQtOWFmMy00MzkyLTkyZjgtMWNiODcwMzhlODNmXkEyXkFqcGdeQXVyMTkxNjUyNQ@@._V1_QL75_UY281_CR2,0,190,281_.jpg",,,,"united states, greece, france, united kingdom",,,,,,anthony chen,,2024-04-24,,,drift,,
,2023,0,"tergel bold-erdene, nomin-erdene ariunbyamba, anu-ujin tsermaa, bulgan chuluunbat, ganzorig tsetsgee, myagmarnaran gombo, tsend-ayush nyamsuren, sodtuya uuganbayar, ulsbold enkhbaatar, altantsooj enkhtuvshin, temuujin tsaschikher, bolormaa sugar, khosbayar dondog, enkhbayar dambasuren, azzaya munkhuu, batbayar shagdarjav, turbold tumurbaatar, ankhbaatar bud",,,lkhagvadulam purev-ochir,104,,,,drama,"https://m.media-amazon.com/images/M/MV5BZjBmYTlkMjEtZDJiZi00MTY5LTkwOGYtNjQ0ZjhlZWQyZjI5XkEyXkFqcGdeQXVyMTQ3Njg3MQ@@._V1_QL75_UY281_CR1,0,190,281_.jpg",,,,"qatar, germany, netherlands, portugal, mongolia, france",,,,,,lkhagvadulam purev-ochir,,2024-04-24,,,city of wind,,
,2024,0,"marisa abela, eddie marsan, jack o'connell, lesley manville, bronson webb, therica wilson-read, juliet cowan, sam buchanan, harley bird, ansu kabia, spike fearn, amrou al-kadhi, ryan o'doherty, pete lee-wilson, matilda thorpe, miltos yerolemou, daniel fearn, michael s. siegel",,,sam taylor-johnson,122,,,,"biography, drama, music","https://m.media-amazon.com/images/M/MV5BY2Y3MGI1MWMtODBlZC00ODJhLWJjYTItNTYxY2VjMWE4YmU1XkEyXkFqcGdeQXVyMTA2MDU0NjM5._V1_QL75_UX190_CR0,0,190,281_.jpg",,,,"france, united kingdom, united states",R,,,,,sam taylor-johnson,,2024-04-24,,,back to black,,
,2024,0,"zendaya, mike faist, josh o'connor, darnell appling, bryan doo, shane t harris, nada despotovich, joan mcshane, chris fowler, mary joe fernandez, a.j. lister, connor aulson, doria bramante, christine dye, james sylva, kenneth a. osherow, kevin collins, burgess byrd",,,luca guadagnino,131,,,,"drama, romance, sport","https://m.media-amazon.com/images/M/MV5BNTk1MTdmYzctNzlkOS00ZTNmLWI4ZTMtMzc3OWFkMDI0MTJkXkEyXkFqcGdeQXVyMTkxNjUyNQ@@._V1_QL75_UX190_CR0,0,190,281_.jpg",,,,united states,R,,,,,luca guadagnino,,2024-04-24,,,challengers,,
,2024,0,"omar bakeer, raia haidar, miran malaeb, ribal merhi, nida wakim, katy younes",,,christophe karabache,93,,,,thriller,"https://m.media-amazon.com/images/M/MV5BM2FlZThjNjUtOTE5OS00NWViLTkwZWEtNDc4ODdlOGQ5NDZiXkEyXkFqcGdeQXVyODgxMDAxMjY@._V1_QL75_UY281_CR4,0,190,281_.jpg",,,,lebanon,,,,,,christophe karabache,,2024-04-17,,,zaman dark,,
,2024,0,no casting,,,sonia kronlund,90,,,,documentary,"https://m.media-amazon.com/images/M/MV5BYzRlNmZkMDItYzY2NS00ZDJmLWI2NjEtODE4ZTFhNTg5ZTQ0XkEyXkFqcGdeQXVyODY0MDQ3NTI@._V1_QL75_UY281_CR12,0,190,281_.jpg",,,,"france, poland",,,,,,sonia kronlund,,2024-04-17,,,l'homme aux mille visages,,
,2023,0,"rosa berder, damoh ikheteah, olga milshtein, ninon botz, youn berder, jules danger, céleste duménil",,,damien manivel,73,,,,drama,"https://m.media-amazon.com/images/M/MV5BY2RlNDFhZDItYzdmMi00OTliLWJiNDgtN2QyMzMxOGRhYjhmXkEyXkFqcGdeQXVyMTQ4NTgxNzYx._V1_QL75_UY281_CR155,0,190,281_.jpg",,,,france,,,,,,damien manivel,,2024-04-17,,,l'île,,
,2024,0,no casting,,,nicolas philibert,72,,,,documentary,"https://m.media-amazon.com/images/M/MV5BOGE0ODZkOTAtNTAzZS00NTRjLWJjZTItMTJiMzczZGQ2MmRkXkEyXkFqcGdeQXVyMDA5MDg4Nw@@._V1_QL75_UY281_CR9,0,190,281_.jpg",,,,france,,,,,,nicolas philibert,,2024-04-17,,,la machine à écrire et autres sources de tracas,,
,2023,0,"juliette dutent, anthony moudir",,,bruno mercier,86,,,,drama,"https://m.media-amazon.com/images/M/MV5BMzZkZTFmYjAtOGQ0NC00MmExLWFiYzAtOTZjYjNiM2E4MWE5XkEyXkFqcGdeQXVyMjM4ODQ3Nzc@._V1_QL75_UY281_CR5,0,190,281_.jpg",,,,france,,,,,,bruno mercier,,2024-04-17,,,orso,,
,2024,0,"ahmed sylla, hakim jemili, hugo becker, luiza benaïssa, annelise hesme, eriq ebouaney, assia said hassani, aaron zach, etienne guillou-kervern, ibrahima ba, pierre le baleur",,,ludovic bernard,90,,,,comedy,"https://m.media-amazon.com/images/M/MV5BOTFjMTQxNmItMGEyZS00Y2RjLThlMDUtMGE2ODIyOGU2ZDZmXkEyXkFqcGdeQXVyNjc2MjgxNzg@._V1_QL75_UY281_CR18,0,190,281_.jpg",,,,france,,,,,,ludovic bernard,,2024-04-17,,,ici et là-bas,,
,2024,0,steven mcrae,,,stéphane carrel,90,,,,documentary,"https://m.media-amazon.com/images/M/MV5BMjQwNWZmMWItN2M2Zi00MDVlLTgzNjMtZjBiZjY0NmRhN2NjXkEyXkFqcGdeQXVyNTMwNzY2MzM@._V1_QL75_UY281_CR5,0,190,281_.jpg",,,,"united kingdom, france",,,,,,stéphane carrel,,2024-04-17,,,a resilient man,,
,2023,0,"maría vázquez, santi prego, tatán, susana sampedro, soraya luaces, silvia romaus, xosé manuel esperante, josito porto, lidia veiga, isabel naveira, ángel abal, sergio baleirón, ana domínguez, pablo aguilar, quinita domínguez, antonio rey, carmen barroso, manola iglesias",,,álvaro gago,99,,,,drama,"https://m.media-amazon.com/images/M/MV5BNzg5NTI2NGMtNzBlMC00YjhlLTlmMDAtNGMxOGY3MGM2YTE2XkEyXkFqcGdeQXVyMTA0MjU0Ng@@._V1_QL75_UY281_CR4,0,190,281_.jpg",,,,spain,,,,,,álvaro gago,,2024-04-17,,,matria,,
,2021,0,no casting,,,karim aïnouz,95,,,,"documentary, romance","https://m.media-amazon.com/images/M/MV5BM2ZmZThkNGEtZGIzMS00NjQ2LWFhNTItNTczNDExMzU1NDA5XkEyXkFqcGdeQXVyNjkzNzYxNjE@._V1_QL75_UY281_CR4,0,190,281_.jpg",,,,"brazil, france, germany, algeria",,,,,,karim aïnouz,,2024-04-17,,,mariner of the mountains,,
,2023,0,"lubna azabal, fabrizio rongione, catherine salée, johan heldenbergh, babetida sadjo, malek akhmisse, kenza benbouchta, ethelle gonzalez lardued, mehdy khachachi, evelyn ariza, olivier bisback, martine lemal, elodie barthels",,,jawad rhalib,107,,,,drama,"https://m.media-amazon.com/images/M/MV5BYTMwNWYyNjMtOTBhMy00MWI5LWE5YmEtYWJkMDdmNGQ4M2RkXkEyXkFqcGdeQXVyMTYyMDQ1OTAz._V1_QL75_UY281_CR5,0,190,281_.jpg",,,,belgium,,,,,,jawad rhalib,,2024-04-17,,,amal,,
,2023,0,"nabil atif, mehdi azekri, rafik boubker, driss chalouh, soukaina darabil, amal el atrache, salwa zahrane",,,rabii chajid,90,,,,crime,"https://m.media-amazon.com/images/M/MV5BYzk0ZjU4YjYtYTExNy00MzRmLTljYWMtNzc3OWQ3NWYzNTVkXkEyXkFqcGdeQXVyMTE0MDc0NTAx._V1_QL75_UY281_CR11,0,190,281_.jpg",,,,morocco,,,,,,rabii chajid,,2024-04-17,,,jouj,,
,2023,1687000,"rosa van leeuwen, frieda barnhard, lidia sadowa, maksymilian rudnicki, aisa winter, yanoah kronnen, indy-rose kroonen, djayklin lima, fien lindenhovius, luke peters, heleen post, lola van zoggel",,,zara dwinger,91,,,,"drama, family","https://m.media-amazon.com/images/M/MV5BYTJiZDFlM2UtYTc2YS00NzlkLTllZjgtN2U2MzA1OThmMDFmXkEyXkFqcGdeQXVyODgxMDAxMjY@._V1_QL75_UX190_CR0,2,190,281_.jpg",,,,netherlands,,,,,,zara dwinger,,2024-04-17,,,kiddo,,
,2023,0,no casting,,,ekiem barbier,95,,,,documentary,"https://m.media-amazon.com/images/M/MV5BMWU0ODFhY2QtOTVlMC00Y2Q0LWEzYWEtZGYzODA0ZTIwOTZiXkEyXkFqcGdeQXVyMTM2NTQ2Mjkw._V1_QL75_UY281_CR5,0,190,281_.jpg",,,,france,,,,,,ekiem barbier,,2024-04-17,,,knit's island,,
,2023,0,"bibi, park bo-kyung, xa-bin hong, jeong jae-kwang, kim jong-soo, song joong-ki",,,kim chang-hoon,133,,,,"crime, drama","https://m.media-amazon.com/images/M/MV5BZTY3MGFhNWEtYTY1Zi00Zjc1LWJiYjctYTM5ZmU2MGQxYTQzXkEyXkFqcGdeQXVyNjI4NDY5ODM@._V1_QL75_UY281_CR4,0,190,281_.jpg",,,,south korea,,,,,,kim chang-hoon,,2024-04-17,,,hopeless,,
,2023,0,"lio tipton, charles halford, weston razooli, lorelei olivia mote, phoebe ferro, austin archer, danielle hoetmer, charlie stover, skyler peters, abigail sakari, chuck marra, sohrab mirmont, rachel browne, lonzo liggins, andrea browne, colleen baum, kent richards",,,weston razooli,115,,,,"action, adventure, comedy","https://m.media-amazon.com/images/M/MV5BODM4YjlmOGYtZDBmZS00ODdkLWJkNGUtZmQyZGI4MWUzYjQzXkEyXkFqcGdeQXVyMzk3NzU1Mzg@._V1_QL75_UX190_CR0,0,190,281_.jpg",,,,"united states, france",PG-13,,,,,weston razooli,,2024-04-17,,,riddle of fire,,
,2023,0,"hafsia herzi, moussa mansaly, louis memmi, michel fau, pablo pauly, florence loiret caille, cédric appietto, henri-noël tabary, anthony morganti, thomas muziotti, jean-etienne frisoni, luigi fazio, maé touhami, lyam touhami, alexandre de sèze, samuel torres bianconi, pierre andrau, patrick battistelli",,,stéphane demoustier,118,,,,"crime, drama","https://m.media-amazon.com/images/M/MV5BYTk2YzE3MDgtYjYyZS00ZmZhLThlZDktNzMyZDg5N2YzMmNhXkEyXkFqcGdeQXVyMDA5MDg4Nw@@._V1_QL75_UY281_CR8,0,190,281_.jpg",,,,france,,,,,,stéphane demoustier,,2024-04-17,,,borgo,,
,2023,0,"takuya eguchi, atsumi tanezaki, saori hayami, ken'ichirô matsuda, hiroyuki yoshino, yûko kaida, kazuhiro yamaji, kenshô ono, natsumi fujiwara, emiri kato, ayane sakura, noucky andriansyah, anthony bowling, dani chambers, banjô ginga, caitlin glass, kento kaku, tomoya nakamura",,,kazuhiro furuhashi,110,,,,"animation, action, comedy","https://m.media-amazon.com/images/M/MV5BMmY0NzhkODctMTc3Yy00NWNlLTliMWUtZjI2NGVkMGE5MzU3XkEyXkFqcGdeQXVyNTI4NzA1OTk@._V1_QL75_UY281_CR5,0,190,281_.jpg",,,,japan,PG-13,,,,,kazuhiro furuhashi,,2024-04-17,,,spy x family code: white,,
,2023,2000000,"steve zahn, john magaro, galadriel stineman, dylan baker, emily pendergast, matthew del negro, megan stevenson, bob clendenin, brad leland, marion birdsall, alex knight, darcy shean, rio alexander, brannon cross, versai knight, brooks hall, vic browder, alen kolenovic",,,shane atkinson,112,,,,"comedy, crime, thriller","https://m.media-amazon.com/images/M/MV5BMmE4MWE4ZTgtYzEzNi00OTQ4LThjZGQtZDgyMDA0MDAwNjhiXkEyXkFqcGdeQXVyMTM1NjM2ODg1._V1_QL75_UX190_CR0,0,190,281_.jpg",,,,"united states, france",,,,,,shane atkinson,,2024-04-17,,,"laroy, texas",,
,2024,0,"dev patel, sharlto copley, pitobash, vipin sharma, sikandar kher, adithi kalkunte, sobhita dhulipala, ashwini kalsekar, makrand deshpande, jatin malik, zakir hussain, pehan abdul, joseph j.u. taylor, dayangku zyana",,,dev patel,121,,,,"action, thriller","https://m.media-amazon.com/images/M/MV5BNzZlODVjMzgtZGM1Yi00MWMwLTkyYTQtMzJlZjQ4MDgwYzg4XkEyXkFqcGdeQXVyMTUzMTg2ODkz._V1_QL75_UX190_CR0,10,190,281_.jpg",,,,"united states, canada, singapore, india",R,,,,,dev patel,,2024-04-17,,,monkey man,,
