nationalite,studio,timing,title,titre_original,entrees_fr,num_actors,actor_1,actor_2,actor_3,num_director,director_1,director_2,director_3
0, Tandem ,99,La Salle des profs,Das Lehrerzimmer,90612,3,Leonie Benesch,Michael Klammer,Rafael Stachowiak,3,İlker Çatak,İlker Çatak,Johannes Duncker
1, Universal Pictures International France ,118,Il reste encore demain,C'è ancora domani,145340,3,Paola Cortellesi,Valerio Mastandrea,Romana Maggiora Vergano,3,Paola Cortellesi,Paola Cortellesi,Furio Andreotti
2, Warner Bros. France ,166,Dune : Deuxième Partie,Dune: Part Two,1383999,3,Timothée Chalamet, Zendaya,Rebecca Ferguson,3,Denis Villeneuve,Denis Villeneuve,Jon Spaihts
3, SND ,109,Une vie,One Life,456390,3,Anthony Hopkins,Johnny Flynn,Helena Bonham Carter,3,James Hawes,Lucinda Coxon,Nick Drake
3, StudioCanal ,100,Scandaleusement vôtre,Wicked Little Letters,51921,3,Olivia Colman,Jessie Buckley,Anjana Vasan,2,Thea Sharrock,Jonny Sweet,
2, Bac Films ,105,La Zone d'intérêt,The Zone Of Interest,239108,3,Christian Friedel,Sandra Hüller,Johann Karthaus,2,Jonathan Glazer,Jonathan Glazer,
4, The Walt Disney Company France ,141,Pauvres Créatures,Poor Things,186568,3,Emma Stone,Mark Ruffalo,Willem Dafoe,2,Yorgos Lanthimos,Tony McNamara,
2, Metropolitan FilmExport ,89,Immaculée,Immaculate,129796,3,Sydney Sweeney,Álvaro Morte,Simona Tabasco,2,Michael Mohan,Andrew Lobel,
3, The Walt Disney Company France ,105,Sans jamais nous connaître,All Of Us Strangers,74540,3,Andrew Scott,Paul Mescal,Jamie Bell,2,Andrew Haigh,Andrew Haigh,
3, Condor Distribution ,138,Les Carnets de Siegfried,Benediction,9584,3,Jack Lowden,Simon Russell Beale,Thom Ashley,2,Terence Davies,Terence Davies,
5, KMBO ,112,Le Royaume des abysses,Shen Hai,79728,3,Aaricia Dubois,Wang Tingwen,Su Xin,2,Tian Xiaopeng,Tian Xiaopeng,
6, Pyramide Distribution ,113,Inchallah un fils,Inshallah Walad,14474,3,Mouna Hawa,Seleena Rababah,Haitham Omari,3,Amjad Al Rasheed,Amjad Al Rasheed,Rula Nasser
7, ARP Sélection ,77,Chroniques de Téhéran,Ayeh haye zamini,33572,3,Bahman Ark,Arghavan Shabani,Servin Zabetiyan,4,Ali Asgari,Alireza Khatami,Ali Asgari
8, The Jokers / Les Bookmakers ,95,Sleep,Jam,48796,3,Yu-mi Jeong,Sun-kyun Lee,Kim Kum-Soon,2,Jason Yu,Jason Yu,
9, The Jokers / Les Bookmakers ,114,La Jeune fille et les paysans,Chlopi,16136,3,Kamila Urzedowska,Nadia Tereszkiewicz,Robert Gulaczyk,4,DK Welchman,Hugh Welchman,DK Welchman
10, JHR Films ,85,Mis Hermanos,Mis hermanos sueñan despiertos,4110,3,Iván Cáceres,Cesar Herrera,Paulina García,3,Claudia Huaiquimilla,Pablo Greene,Claudia Huaiquimilla
11, Jour2fête ,111,Débâcle,Het Smelt,4156,3,Charlotte De Bruyne,Rosa Marchant,Amber Metdepenningen,3,Veerle Baetens,Veerle Baetens,Maarten Loix
4, KMBO ,97,"Léo, la fabuleuse histoire de Léonard de Vinci",The Inventor,87482,3,André Dussollier,Stephen Fry,Marion Cotillard,3,Jim Capobianco,Pierre-Luc Granjon,Jim Capobianco
3, The Walt Disney Company France ,104,Mystère à Venise,A Haunting in Venice,250148,3,Kenneth Branagh,Tina Fey,Camille Cottin,2,Kenneth Branagh,Michael Green,
12, Sony Pictures Releasing France ,104,Demon Slayer: Kimetsu No Yaiba – En route vers l'entraînement des piliers,Demon Slayer: Kimetsu no Yaiba - To The Hashira Training,151200,3,Natsuki Hanae,Kengo Kawanishi,Akari Kito,1,Haruo Sotozaki,,
12, Art House ,121,A Man,Aru otoko,38635,3,Satoshi Tsumabuki,Sakura Andô,Masataka Kubota,2,Kei Ishikawa,Kôsuke Mukai,
3, Optimale Distribution ,134,Dans la mêlée,In From The Side,1753,3,Alexander Lincoln,Alexander King,Christopher Sherwood,3,Matt Carter (II),Matt Carter (II),Adam Silver
2, The Walt Disney Company France ,102,Wish - Asha et la bonne étoile,Wish,628897,3,Océane Demontis,Ariana DeBose,Lambert Wilson,4,Chris Buck,Fawn Veerasunthorn,Jennifer Lee
2, Paramount Pictures France ,112,Le Secret de la cité perdue,The Lost City,317713,3,Sandra Bullock,Channing Tatum,Daniel Radcliffe,4,Aaron Nee,Adam Nee,Oren Uziel
2, Warner Bros. France ,116,En eaux très troubles,Meg 2: The Trench,696823,3,Jason Statham,Jing Wu,Shuya Sophia Cai,3,Ben Wheatley,Jon Hoeber,Erich Hoeber
13, Jour2fête ,128,20 000 espèces d'abeilles,20.000 especies de abejas,15669,3,Sofía Otero,Patricia López Arnaiz,Ane Gabarain,2,Estibaliz Urresola Solaguren,Estibaliz Urresola Solaguren,
9, Condor Distribution ,152,Green Border,Zielona granica,18130,3,Jalal Altawil,Maja Ostaszewska,Behi Djanati Ataï,3,Agnieszka Holland,Agnieszka Holland,Maciej Pisuk
2, ARP Sélection ,106,Past Lives – Nos vies d’avant,Past Lives,40381,3,Greta Lee,Yoo Teo,John Magaro,2,Celine Song,Celine Song,
2, Universal Pictures International France ,134,Winter Break,The Holdovers,57639,3,Paul Giamatti,Da’vine Joy Randolph,Dominic Sessa,2,Alexander Payne,David Hemingson,
3, Metropolitan FilmExport ,133,Iron Claw,The Iron Claw,46627,3,Zac Efron,Harris Dickinson,Jeremy Allen White,2,Sean Durkin,Sean Durkin,
0, UFO Distribution ,118,Universal Theory,Die Theorie von Allem,9404,3,Jan Bülow,Olivia Ross,Hanns Zischler,3,Timm Kröger,Timm Kröger,Roderick Warich
1, Pathé ,122,Moi capitaine,Io Capitano,65137,3,Seydou Sarr,Moustapha Fall,Issaka Sawadogo,3,Matteo Garrone,Matteo Garrone,Massimo Gaudioso
1, Ad Vitam ,135,L'Enlèvement,Rapito,85243,3,Enea Sala,Leonardo Maltese,Paolo Pierobon,3,Marco Bellocchio,Marco Bellocchio,Susanna Nicchiarelli
3, Sony Pictures Releasing France ,158,Napoléon,Napoleon,764419,3,Joaquin Phoenix,Vanessa Kirby,Tahar Rahim,2,Ridley Scott,David Scarpa,
3, Cinéma Public Films ,38,Les Toutes Petites Créatures,The Very Small Creatures,10004,0,,,,2,Lucy Izzard,Lucy Izzard,
12, Wild Bunch Distribution ,123,Le Garçon et le Héron,Kimi-tachi wa Dō Ikiru ka,702835,3,Gavril Dartevelle,Soma Santoki,Padrig Vion,2,Hayao Miyazaki,Hayao Miyazaki,
2, Sony Pictures Releasing France ,134,Gran Turismo,Gran Turismo: Based On a True Story,382349,3,David Harbour,Orlando Bloom,Archie Madekwe,3,Neill Blomkamp,Neill Blomkamp,Zach Baylin
8, Capricci Films ,97,Walk Up,Tab,4421,3,Hae-hyo Kwon,Hye-Young Lee,Song Seon-mi,2,Hong Sang-Soo,Hong Sang-Soo,
14, Diaphana Distribution ,81,Les Feuilles mortes,Kuolleet lehdet,111219,3,Alma Pöysti,Jussi Vatanen,Janne Hyytiäinen,2,Aki Kaurismäki,Aki Kaurismäki,
12, Wayna Pitch ,113,Satoshi,A Mother's Touch,236,3,Taketo Tanaka, Koyuki,Lily Franky,3,Jumpei Matsumoto,Jumpei Matsumoto,Yuki Takafumi
15, Gebeka Films ,75,"Rose, petite fée des fleurs",Roselil og stentrolden,10886,3,Ghita Norby,Bodil Jorgensen,Rasmus Botoft,2,Karla Nor Holmbäck,Toke Westmark Steensen,
16, L'Atelier Distribution ,105,À l'intérieur,Inside,2654,3,Willem Dafoe,Gene Bervoets,Eliza Stuyck,2,Vasilis Katsoupis,Ben Hopkins,
12, Le Pacte ,127,L'Innocence,Kaibutsu,63240,3,Sakura Andô,Eita Nagayama,Soya Kurokawa,2,Hirokazu Kore-eda,Yuji Sakamoto,
17, Memento Distribution ,198,Les Herbes sèches,Kuru Otlar Üstüne,32179,3,Merve Dizdar,Ece Bağcı,Musab Ekici,3,Nuri Bilge Ceylan,Ebru Ceylan,Nuri Bilge Ceylan
5, Bodega Films ,92,Blue Summer (A Song Sung Blue),Xiao Bai Chuan,726,3,Zhou Meijun,Ziqi Huang,Jing Liang,3,Zihan Geng,Zihan Geng,Yining Liu
2, Warner Bros. France ,141,La Couleur Pourpre,The Color Purple,49322,3,Fantasia Barrino,Taraji P. Henson,Danielle Brooks,2,Blitz Bazawule,Marcus Gardley,
2, Warner Bros. France ,124,Aquaman et le Royaume perdu,Aquaman and the Lost Kingdom,552105,3,Jason Momoa,Patrick Wilson,Amber Heard,2,James Wan,David Leslie Johnson-McGoldrick,
2, Kinovista ,105,X - Le film,X,31224,3,Mia Goth,Jenna Ortega,Martin Henderson,2,Ti West,Ti West,
2, Sony Pictures Releasing France ,110,Equalizer 3,The Equalizer 3,378764,3,Denzel Washington,Dakota Fanning,David Denman,2,Antoine Fuqua,Richard Wenk,
2, The Walt Disney Company France ,102,Élémentaire,Elemental,426818,3,Adèle Exarchopoulos,Leah Lewis,Vincent Lacoste,3,Peter Sohn,John Hoberg,Kat Likkel
2, Universal Pictures International France ,118,Le Dernier Voyage du Demeter,The Last Voyage Of The Demeter,82375,3,Corey Hawkins,Aisling Franciosi,Liam Cunningham,3,André Øvredal,Zak Olkewicz,Bragi Schut
2, Universal Pictures International France ,102,Le Chat Potté 2 : la dernière quête,Puss in Boots: The Last Wish,502167,3,Boris Rehlinger,Antonio Banderas,Diane Dassigny,4,Januel P. Mercado,Joel Crawford,Paul Fisher (II)
2, Sony Pictures Releasing France ,141,Spider-Man : Across The Spider-Verse,Spider-Man: Across The Spider-Verse,550808,3,Stéphane Bak,Shameik Moore,Shirine Boutella,5,Joaquim Dos Santos,Kemp Powers,Justin Thompson
2, Metropolitan FilmExport ,119,Misanthrope,To Catch A Killer,100146,3,Shailene Woodley,Ben Mendelsohn,Jovan Adepo,3,Damián Szifron,Damián Szifron,Jonathan Wakeham
2, Paramount Pictures France ,163,Mission: Impossible – Dead Reckoning Partie 1,Mission: Impossible – Dead Reckoning Part One,930141,3,Tom Cruise,Hayley Atwell,Ving Rhames,3,Christopher McQuarrie,Christopher McQuarrie,Erik Jendresen
3, The Walt Disney Company France ,131,The King's Man : Première Mission,The King's Man,336793,3,Ralph Fiennes,Gemma Arterton,Rhys Ifans,3,Matthew Vaughn,Matthew Vaughn,Karl Gajdusek
2, Sony Pictures Releasing France ,125,Là où chantent les écrevisses,Where The Crawdads Sing,110381,3,Daisy Edgar-Jones,Taylor John Smith,Harris Dickinson,2,Olivia Newman,Lucy Alibar,
2, The Walt Disney Company France ,157,Les Eternels,Eternals,775467,3,Gemma Chan,Richard Madden,Salma Hayek,3,Chloé Zhao,Chloé Zhao,Patrick Burleigh
1, Universal Pictures International France ,131,Dernière nuit à Milan,L’Ultima Notte Di Amore,40869,3,Pierfrancesco Favino,Linda Caridi,Antonio Gerardi,2,Andrea Di Stefano,Andrea Di Stefano,
14, SND ,91,SISU - De l'Or et du Sang,Sisu,44625,3,Jorma Tommila,Aksel Hennie,Jack Doolan,2,Jalmari Helander,Jalmari Helander,
13, Haut et Court ,169,Fermer les yeux,Cerrar los ojos,14004,3,Manolo Solo,José Coronado,Ana Torrent,3,Victor Erice,Victor Erice,Michel Gaztambide
17, Outplay Films ,114,Nuit Noire en Anatolie,Karanlık Gece,2115,3,Berkay Ateş,Taner Birsel,Sibel Kekilli,3,Özcan Alper,Özcan Alper,Murat Uyurkulak
2, The Walt Disney Company France ,192,Avatar : la voie de l'eau,Avatar: The Way of Water,2739848,3,Sam Worthington,Zoe Saldana,Sigourney Weaver,3,James Cameron,James Cameron,Rick Jaffa
2, Warner Bros. France ,109,La Nonne : La Malédiction de Sainte Lucie,The Nun II,464102,3,Taissa Farmiga,Jonas Bloquet,Storm Reid,3,Michael Chaves,Ian B. Goldberg,Richard Naing
2, The Walt Disney Company France ,154,Indiana Jones et le Cadran de la Destinée,Indiana Jones and the Dial of Destiny,1089875,3,Harrison Ford,Phoebe Waller-Bridge,Mads Mikkelsen,3,James Mangold,James Mangold,John-Henry Butterworth
2, Metropolitan FilmExport ,158,Hunger Games: la Ballade du serpent et de l'oiseau chanteur,The Hunger Games: The Ballad of Songbirds and Snakes,613191,3,Tom Blyth,Rachel Zegler,Peter Dinklage,3,Francis Lawrence,Michael Arndt,Michael Lesslie
2, Universal Pictures International France ,92,"Super Mario Bros, le film",The Super Mario Bros. Movie,1866914,3,Pierre Tessier,Chris Pratt,Jérémie Covillault,3,Aaron Horvath,Michael Jelenic,Matthew Fogel
2, The Walt Disney Company France ,150,Les Gardiens de la Galaxie 3,Guardians of the Galaxy Vol. 3,1323124,3,Chris Pratt,Zoe Saldana,Dave Bautista,2,James Gunn,James Gunn,
2, Universal Pictures International France ,141,Fast & Furious X,Fast X,1140846,3,Vin Diesel,Michelle Rodriguez,Jason Momoa,3,Louis Leterrier,Dan Mazeau,Justin Lin
18, Bac Films ,149,Sans filtre,Triangle of Sadness,179786,3,Harris Dickinson,Charlbi Dean Kriek,Woody Harrelson,2,Ruben Östlund,Ruben Östlund,
2, The Walt Disney Company France ,108,Le Menu,The Menu,124279,3,Ralph Fiennes,Anya Taylor-Joy,Nicholas Hoult,3,Mark Mylod,Seth Reiss,Will Tracy
12, Eurozoom ,116,Le Château Solitaire dans le Miroir,Kagami no Kojou,20761,3,Mana Ashida,Yûki Kaji,Takumi Kitamura,2,Keiichi Hara,Miho Maruo,
3, Universal Pictures International France ,116,Une robe pour Mrs. Harris,Mrs. Harris Goes to Paris,38711,3,Lesley Manville,Isabelle Huppert,Lambert Wilson,3,Anthony Fabian,Carroll Cartwright,Anthony Fabian
19, Metropolitan FilmExport ,109,Trois Mille ans à t’attendre,Three Thousand Years of Longing,95617,3,Idris Elba,Tilda Swinton,Aamito Lagum,3,George Miller,George Miller,Augusta Gore
2, Paramount Pictures France ,134,Donjons & Dragons : L'Honneur des voleurs,Dungeons & Dragons: Honor Among Thieves,420168,3,Chris Pine,Michelle Rodriguez,Regé-Jean Page,4,Jonathan Goldstein (XII),John Francis Daley,Jonathan Goldstein (XII)
2, Paramount Pictures France ,113,"Mean Girls, lolita malgré moi",Mean Girls,53830,3,Angourie Rice,Reneé Rapp,Avantika Vandanapu,3,Samantha Jayne,Arturo Perez Jr.,Tina Fey
2, The Walt Disney Company France ,122,Le Manoir hanté,Haunted Mansion,288762,3,Lakeith Stanfield,Tiffany Haddish,Owen Wilson,2,Justin Simien,Katie Dippold,
2, Sony Pictures Releasing France ,103,Le Challenge,No Hard Feelings,54361,3,Jennifer Lawrence,Andrew Barth Feldman,Laura Benanti,3,Gene Stupnitsky,Gene Stupnitsky,John M. Phillips
0, Pyramide Distribution ,152,Le Diable n'existe pas,Sheytan vojud nadarad,26645,3,Ehsan Mirhosseini,Shaghayegh Shourian,Kaveh Ahangar,2,Mohammad Rasoulof,Mohammad Rasoulof,
12, Eurozoom ,122,Suzume,Suzume no Tojimari,181032,3,Lévanah Solomon,Nanoka Hara,Benjamin Jungers,2,Makoto Shinkai,Makoto Shinkai,
2, The Walt Disney Company France ,127,Mort sur le Nil,Death on the Nile,336133,3,Kenneth Branagh,Gal Gadot,Emma Mackey,2,Kenneth Branagh,Michael Green,
20, Eurozoom ,98,Si seulement je pouvais hiberner,Baavgai Bolohson,26073,3,Battsooj Uurtsaikh,Nominjiguur Tsend,Tuguldur Batsaikhan,2,Zoljargal Purevdash,Zoljargal Purevdash,
2, Metropolitan FilmExport ,170,John Wick : Chapitre 4,John Wick: Chapter 4,411048,3,Keanu Reeves,Donnie Yen,Bill Skarsgård,3,Chad Stahelski,Michael Finch,Shay Hatten
4, The Walt Disney Company France ,114,Les Banshees d'Inisherin,The Banshees Of Inisherin,99482,3,Colin Farrell,Brendan Gleeson,Kerry Condon,2,Martin McDonagh,Martin McDonagh,
2, The Walt Disney Company France ,136,La Petite sirène,The Little Mermaid,582814,3,Halle Bailey,Cerise Calixte,Jonah Hauer-King,2,Rob Marshall,David Magee,
2, The Walt Disney Company France ,153,Le Dernier duel,The Last Duel,147221,3,Matt Damon,Adam Driver,Jodie Comer,3,Ridley Scott,Nicole Holofcener,Matt Damon
2, Paramount Pictures France ,99,Ninja Turtles: Teenage Years,Teenage Mutant Ninja Turtles: Mutant Mayhem,281644,3,Aloïs Agaësse-Mahieu,Micah Abbey,Kylian Trouillard,4,Jeff Rowe,Kyler Spears,Seth Rogen
2, Paramount Pictures France ,93,La Pat' Patrouille : La Super Patrouille Le Film,Paw Patrol: The Mighty Movie,646799,3,Alexandre N'Guyen,Finn Lee-Epp,Lisa Caruso,3,Cal Brunker,Bob Barlen,Cal Brunker
3, The Walt Disney Company France ,98,Coup de théâtre,See How They Run,56893,3,Sam Rockwell,Saoirse Ronan,Adrien Brody,2,Tom George,Mark Chappell,
0, Les Films du Losange ,102,Le Ciel rouge,Roter Himmel,27500,3,Thomas Schubert,Paula Beer,Langston Uibel,2,Christian Petzold,Christian Petzold,
2, Sony Pictures Releasing France ,124,S.O.S. Fantômes : L'Héritage,Ghostbusters: Afterlife,280226,3,Carrie Coon,Finn Wolfhard,Mckenna Grace,3,Jason Reitman,Gil Kenan,Jason Reitman
2, Universal Pictures International France ,103,Black Phone,The Black Phone,136339,3,Mason Thames,Madeleine McGraw,Ethan Hawke,3,Scott Derrickson,Scott Derrickson,C. Robert Cargill
3, Metropolitan FilmExport ,130,Désigné Coupable,The Mauritanian,148446,3,Tahar Rahim,Jodie Foster,Shailene Woodley,3,Kevin Macdonald,Rory Haines,Sohrab Noshirvani
12, Art House ,99,La Beauté du geste,"Keiko, me wo sumasete",18599,3,Yukino Kishii,Tomokazu Miura,Masaki Miura,3,Sho Miyake,Masaaki Sakai,Sho Miyake
2, Metropolitan FilmExport ,119,Un homme en colère,Wrath of Man,149025,3,Jason Statham,Holt McCallany,Josh Hartnett,3,Guy Ritchie,Guy Ritchie,Eric Besnard
12, Star Invest Films France ,94,Nicky Larson - City Hunter: Angel Dust,City Hunter the Movie: Angel Dust,35833,3,Vincent Ropion,Akira Kamiya,Anne Rondeleux,3,Kazuyoshi Takeuchi,Kenji Kodama,Yasuyuki Muto
13, Wild Bunch Distribution ,102,Mon ami robot,Robot Dreams,13872,0,,,,2,Pablo Berger,Pablo Berger,
2, Universal Pictures International France ,110,Tous en scène 2,Sing 2,1173587,3,Matthew McConaughey,Jenifer Bartoli,Reese Witherspoon,3,Garth Jennings,Christophe Lourdelet,Garth Jennings
21, Bodega Films ,119,La Grâce,Blazh,3217,3,Maria Lukyanova,Gela Chitava,Eldar Safikanov,2,Ilya Povolotsky,Ilya Povolotsky,
22, Paname Distribution ,91,Les Lueurs d'Aden,Al Murhaqoon,7536,3,Khaled Hamdan,Abeer Mohammed,Samah Alamrani,3,Amr Gamal,Amr Gamal,Mazen Refaat
19, SND ,94,La Main,Talk To Me,187507,3,Ari McCarthy,Hamish Phillips,Sunny Johnson,4,Danny Philippou,Michael Philippou,Danny Philippou
23, Ad Vitam ,133,La Chimère,La Chimera,26496,3,Josh O'Connor,Carol Duarte,Isabella Rossellini,2,Alice Rohrwacher,Alice Rohrwacher,
4, Saje Distribution ,90,Le Club des miracles,The Miracle Club,11515,3,Maggie Smith,Laura Linney,Kathy Bates,3,Thaddeus O'Sullivan,Jimmy Smallhorne,Timothy Prager
2, The Walt Disney Company France ,103,"Encanto, la fantastique famille Madrigal",Encanto,526906,3,Camille Timmerman,Stephanie Beatriz,José Garcia,5,Charise Castro Smith,Byron Howard,Jared Bush
1, Le Pacte ,95,Vers un avenir radieux,Il sol dell’avvenire,91786,3,Nanni Moretti,Margherita Buy,Silvio Orlando,3,Nanni Moretti,Francesca Marciano,Nanni Moretti
2, Sony Pictures Releasing France ,93,65 - la Terre d'avant,65,187043,3,Adam Driver,Ariana Greenblatt,Chloe Coleman,4,Scott Beck,Bryan Woods,Scott Beck
8, Survivance ,68,Krisha et le Maître de la forêt,Mother Land,370,3,Gil-woo Kang,Ye-eun Kim,Yong-nyeo Lee,2,Jaebeom Park,Jaebeom Park,
2, Universal Pictures International France ,112,L'Exorciste - Dévotion,The Exorcist: Believer,264818,3,Leslie Odom Jr.,Ellen Burstyn,Ann Dowd,3,David Gordon Green,Peter Sattler,David Gordon Green
2, Warner Bros. France ,137,La Voie de la justice,Just Mercy,113153,3,Michael B. Jordan,Jamie Foxx,Brie Larson,3,Destin Daniel Cretton,Andrew Lanham,Destin Daniel Cretton
0, Kinovista ,121,"Stella, une vie allemande",Stella. Ein Leben.,19222,3,Paula Beer,Jannis Niewöhner,Katja Riemann,3,Kilian Riedhof,Marc Blöbaum,Jan Braren
3, Wild Bunch Distribution ,97,Mes rendez-vous avec Leo,"Good Luck To You, Leo Grande",23381,3,Emma Thompson,Daryl McCormack,Les Mabaleka,2,Sophie Hyde,Katy Brand,
2, The Walt Disney Company France ,132,Shang-Chi et la Légende des Dix Anneaux,Shang-Chi and the Legend of the Ten Rings,481173,3,Simu Liu,Tony Leung Chiu-Wai, Awkwafina,3,Destin Daniel Cretton,Dave Callaham,Destin Daniel Cretton
13, Condor Distribution ,106,Les Tournesols sauvages,Girasoles silvestres,12386,3,Anna Castillo,Oriol Pla,Quim Ávila,3,Jaime Rosales,Jaime Rosales,Bárbara Díez
2, Universal Pictures International France ,146,Jurassic World: Le Monde d'après,Jurassic World: Dominion,1299065,3,Chris Pratt,Bryce Dallas Howard,Laura Dern,3,Colin Trevorrow,Emily Carmichael,Colin Trevorrow
2, Metropolitan FilmExport ,120,Greenland - Le dernier refuge,Greenland,193402,3,Gerard Butler,Morena Baccarin,David Denman,2,Ric Roman Waugh,Chris Sparling,
2, Universal Pictures International France ,163,Mourir peut attendre,No Time To Die,1384858,3,Daniel Craig,Léa Seydoux,Rami Malek,3,Cary Joji Fukunaga,Neal Purvis,Robert Wade
10, Dulac Distribution ,100,Les Colons,Los colonos,25953,3,Mark Stanley,Camilo Arancibia,Benjamin Westfall,3,Felipe Gálvez Haberle,Felipe Gálvez Haberle,Antonia Girardi
2, Sony Pictures Releasing France ,107,Thanksgiving : la semaine de l'horreur,Thanksgiving,75871,3,Patrick Dempsey,Addison Rae,Milo Manheim,2,Eli Roth,Jeff Rendell,
5, KMBO ,128,La Guerre des Dieux - New Gods: Yang Jian,Xin shen bang: Yang Jian,8261,2,Maxime Van Santfoort,Kai Wang,,2,Ji Zhao, Muchuan,
2, Universal Pictures International France ,92,Les Trolls 3,Trolls Band Together,419824,3, Vitaa,Anna Kendrick,Matt Pokora,4,Tim Heitz,Walt Dohrn,Jonathan Aibel
11, KMBO ,90,Les Inséparables,The Inseparables,62664,3,Eric Judor,Jean-Pascal Zadi,Ana Girardot,3,Jérémie Degruson,Joel Cohen,Alec Sokolow
2, Universal Pictures International France ,143,Fast & Furious 9,F9 The Fast Saga,1301589,3,Vin Diesel,Michelle Rodriguez,Jordana Brewster,3,Justin Lin,Daniel Casey,Justin Lin
1, Pyramide Distribution ,147,Les Huit Montagnes,Le Otto Montagne,29347,3,Luca Marinelli,Alessandro Borghi,Filippo Timi,4,Charlotte Vandermeersch,Felix Van Groeningen,Charlotte Vandermeersch
12, Art House ,70,Le Grand magasin,Hokkyoku Hyakkaten no Concierge-san,16851,3,Kawaida Natsumi,Takeo Otsuka,Nobuo Tobita,2,Yoshimi Itazu,Satomi Ohshima,
8, Bac Films ,138,Decision To Leave,Heojil Kyolshim,103303,3,Tang Wei,Park Hae-il,Jung-hyun Lee,3,Park Chan-Wook,Park Chan-Wook,Seo-kyeong Jeong
2, Sony Pictures Releasing France ,103,L'Exorciste du Vatican,The Pope's Exorcist,155555,3,Russell Crowe,Daniel Zovatto,Alex Essoe,3,Julius Avery,Evan Spiliotopoulos,Michael Petroni
12, CGR EVENTS ,110,Demon Slayer : Kimetsu no Yaiba - En route pour le village des forgerons,"Kimetsu no Yaiba - Jogen shuketsu, soshite Katanakaji no sato e",109154,3,Toshio Furukawa,Natsuki Hanae,Kana Hanazawa,2,Haruo Sotozaki,Koyoharu Gotouge,
12, Sony Pictures Releasing France ,112,Les Chevaliers du Zodiaque,Knights Of The Zodiac,41841,3, Mackenyu,Famke Janssen,Sean Bean,3,Tomasz Baginski,Kiel Murray,Josh Campbell
2, Condor Distribution ,91,La Vie rêvée de Miss Fran,Sometimes I Think About Dying,12683,3,Daisy Ridley,Dave Merheje,Parvesh Cheena,3,Rachel Lambert,Stefanie Abel Horowitz,Kevin Armento
2, Warner Bros. France ,130,Shazam! La Rage des Dieux,Shazam! Fury of the Gods,262525,3,Zachary Levi,Asher Angel,Jack Dylan Grazer,3,David F. Sandberg,Henry Gayden,Chris Morgan
24, Arizona Distribution ,99,Petite soeur,Schwesterlein,5741,3,Nina Hoss,Lars Eidinger,Marthe Keller,4,Véronique Reymond,Stéphanie Chuat,Stéphanie Chuat
3, Les Films du Préau ,38,Les Tourouges et les Toubleus,The Smeds and the Smoos,13562,3,Maia Baran,Sally Hawkins,Marie Braam,3,Samantha Cutler,Daniel Snaddon,Vasilisa Tikunova
12, Art House ,127,La Famille Asada,Asada-ke!,51420,3,Kazunari Ninomiya,Haru Kuroki,Satoshi Tsumabuki,2,Ryôta Nakano,Ryôta Nakano,
2, The Walt Disney Company France ,103,Une équipe de rêve,Next Goal Wins,17490,3,Michael Fassbender,Oscar Kightley, Kaimana,3,Taika Waititi,Iain Morris,Taika Waititi
2, Sony Pictures Releasing France ,127,Le Pire voisin au monde,A Man Called Otto,67470,3,Tom Hanks,Mariana Treviño,Rachel Keller,2,Marc Forster,David Magee,
25, Metropolitan FilmExport ,108,Les Crimes du Futur,Crimes Of The Future,52886,3,Viggo Mortensen,Léa Seydoux,Kristen Stewart,2,David Cronenberg,David Cronenberg,
2, Universal Pictures International France ,88,Les Minions 2 : Il était une fois Gru,Minions: The Rise of Gru,1360765,3,Gad Elmaleh,Steve Carell,Gérard Darmon,4,Kyle Balda,Brad Ableson,Jonathan Del Val
2, Metropolitan FilmExport ,108,Mayday,Plane,160006,3,Gerard Butler,Mike Colter,Yoson An,3,Jean-François Richet,Charles Cumming,J.P. Davis
26, Destiny Films ,115,Le Pion du Général,Autobiography,814,3,Kevin Ardilova,Arswendy Bening Swara,Yusyf Mahardika,2,Makbul Mubarak,Makbul Mubarak,
4, ASC Distribution ,96,The Quiet Girl,An Cailín Ciúin,31800,3,Carrie Crowley,Andrew Bennett,Catherine Clinch,2,Colm Bairéad,Colm Bairéad,
2, Warner Bros. France ,142,Les Animaux Fantastiques : les Secrets de Dumbledore,Fantastic Beasts: The Secrets Of Dumbledore,1132062,3,Eddie Redmayne,Jude Law,Mads Mikkelsen,3,David Yates,J.K. Rowling,Steve Kloves
0, Condor Distribution ,108,La Conférence,Die Wannseekonferenz,33680,3,Philipp Hochmair,Johannes Allmayer,Maximilian Brückner,3,Matti Geschonneck,Magnus Vattrodt,Paul Mommertz
2, Warner Bros. France ,145,La Méthode Williams,King Richard,90468,3,Will Smith,Aunjanue Ellis,Saniyya Sidney,2,Reinaldo Marcus Green,Zach Baylin,
3, Universal Pictures International France ,126,Downton Abbey II : Une nouvelle ère,Downton Abbey: A New Era,181353,3,Hugh Bonneville,Michelle Dockery,Elizabeth McGovern,2,Simon Curtis,Julian Fellowes,
23, Le Pacte ,167,Onoda - 10 000 nuits dans la jungle,Onoda,14592,3,Yûya Endô,Kanji Tsuda,Yuya Matsuura,3,Arthur Harari,Arthur Harari,Vincent Poymiro
27, KMBO ,99,Le Royaume de Naya,Mavka. Lisova pisnya,163496,3,Nataliya Denisenko,Artem Pivovarov,Elena Kravets,3,Oleh Malamuzh,Oleksandra Ruban,Yaroslav Voytseshek
2, KMBO ,99,Inside,It Lives Inside,43573,3,Megan Suri,Neeru Bajwa,Mohana Krishnan,2,Bishal Dutta,Bishal Dutta,
2, The Walt Disney Company France ,121,Ant-Man et la Guêpe : Quantumania,Ant-Man and The Wasp: Quantumania,735356,3,Paul Rudd,Evangeline Lilly,Michael Douglas,2,Peyton Reed,Jeff Loveness,
2, Warner Bros. France ,112,Conjuring 3 : sous l'emprise du diable,The Conjuring: The Devil Made Me Do It,665476,3,Patrick Wilson,Vera Farmiga,Ruairi O'Connor,2,Michael Chaves,David Leslie Johnson-McGoldrick,
2, Paramount Pictures France ,97,Sans un bruit 2,A Quiet Place Part II,228844,3,Emily Blunt,John Krasinski,Cillian Murphy,2,John Krasinski,John Krasinski,
12, Diaphana Distribution ,177,Drive My Car,Doraibu mai kâ,48971,3,Hidetoshi Nishijima,Toko Miura,Masaki Okada,3,Ryūsuke Hamaguchi,Ryūsuke Hamaguchi,Takamasa Oe
18, Memento Distribution ,121,La Conspiration du Caire,Boy from Heaven,153906,3,Tawfeek Barhom,Fares Fares,Mohammad Bakri,2,Tarik Saleh,Tarik Saleh,
4, Haut et Court ,103,Le Peuple Loup,Wolfwalkers,42627,3,Lévanah Solomon,Honor Kneafsey,Lana Ropion,3,Tomm Moore,Ross Stewart,Will Collins
5, ARP Sélection ,133,Le Retour des hirondelles,Yin Ru Chen Yan,24402,2,Wu Renlin, Hai-Qing,,2,Li Ruijun,Li Ruijun,
28, Kinovista / Les Bookmakers ,117,The Innocents,De uskyldige,11449,3,Rakel Lenora Fløttum,Alva Brynsmo Ramstad,Mina Yasmin Bremseth Asheim,2,Eskil Vogt,Eskil Vogt,
2, Warner Bros. France ,129,Le Cas Richard Jewell,Richard Jewell,385394,3,Paul Walter Hauser,Sam Rockwell,Kathy Bates,2,Clint Eastwood,Billy Ray,
2, The Walt Disney Company France ,99,Le Croque-mitaine,The Boogeyman,101134,3,Chris Messina,Sophie Thatcher,Vivien Lyra Blair,3,Rob Savage,Mark Heyman,Scott Beck
1, Shellac ,99,La Légende du roi crabe,Re Granchio,4325,3,Gabriele Silli,Maria Alexandra Lungu,Severino Sperandio,4,Alessio Rigo de Righi,Matteo Zoppis,Alessio Rigo de Righi
5, Eurozoom ,73,La Course au miel,Hug Me - The Movie,3339,0,,,,3,Anna Blaszczyk,Emilia Nedzi,Aleksandra Swierk
17, Memento Distribution ,131,Burning Days,Kurak Günler,45633,3,Selahattin Paşalı,Ekin Koç,Erol Babaoğlu,2,Emin Alper,Emin Alper,
2, The Walt Disney Company France ,105,Buzz l'éclair,Lightyear,482715,3,François Civil,Chris Evans,Lyna Khoudri,3,Angus MacLane,Angus MacLane,Jason Headley
23, Nour Films ,178,L'Arbre aux papillons d'or,Bên trong vỏ kén vàng,20088,3,Le Phong Vu,Nguyen Thi Truc Quynh,Nguyen Thinh,2,Pham Thiên Ân,Pham Thiên Ân,
21, Kinovista ,125,Le Capitaine Volkonogov s'est échappé,Kapitan Volkonogov bezhal,12018,3,Yuriy Borisov,Timofey Tribuntsev,Nikita Kukushkin,4,Natalya Merkulova,Aleksey Chupov,Natalya Merkulova
29, Destiny Films ,90,Assaut,Assault,1204,3,Nurbek Mukushev,Azamat Nigmanov,Aleksandra Revenko,2,Adilkhan Yerzhanov,Adilkhan Yerzhanov,
2, Metropolitan FilmExport ,89,La Maison du mal,Cobweb,96861,3,Lizzy Caplan,Antony Starr,Cleopatra Coleman,2,Samuel Bodin,Chris Thomas Devlin,
30, ARP Sélection ,120,Goodbye Julia,Wadaean Julia,11314,3,Ger Duany,Siran Riak,Nazar Goma,2,Mohamed Kordofani,Mohamed Kordofani,
28, Memento Distribution ,128,Julie (en 12 chapitres),Verdens verste menneske,67515,3,Renate Reinsve,Anders Danielsen Lie,Herbert Nordrum,3,Joachim Trier,Joachim Trier,Eskil Vogt
2, Metropolitan FilmExport ,108,Un talent en or massif,The Unbearable Weight Of Massive Talent,57763,3,Nicolas Cage,Pedro Pascal,Alessandra Mastronardi,3,Tom Gormican,Tom Gormican,Kevin Etten
2, Paramount Pictures France ,86,La Pat’ Patrouille - Le film,Paw Patrol: The Movie,459566,3,Iain Armitage, Valentina,Marsai Martin,3,Cal Brunker,Cal Brunker,Bob Barlen
2, L'Atelier Distribution ,90,Marcel le Coquillage (avec ses chaussures),Marcel The Shell With Shoes On,7514,3,Jenny Slate,Dean Fleischer-Camp,Isabella Rossellini,3,Dean Fleischer-Camp,Dean Fleischer-Camp,Nick Paley
3, Condor Distribution ,104,Entre les lignes,Mothering Sunday,21941,3,Odessa Young,Josh O'Connor,Colin Firth,2,Eva Husson,Alice Birch,
31, Capricci Films ,129,Trenque Lauquen - Partie 1,Trenque Lauquen parte I,3847,3,Laura Paredes,Juliana Muras,Ezequiel Pierri,3,Laura Citarella,Laura Citarella,Laura Paredes
8, Arizona Distribution ,137,About Kim Sohee,Da-eum-so-hee,29840,3,Doona Bae,Kim Si-eun, Choi Hee-jin,2,July Jung,July Jung,
32, Capricci Films ,115,"Blackbird, Blackberry",Blackbird Blackbird Blackberry,3316,3,Eka Chavleishvili,Temiko Chinchinadze,Lia Abuladze,3,Elene Naveriani,Elene Naveriani,Nikoloz Mdivani
23, SND ,93,Vaillante,Fireheart,302,3,Alice Pol,Alice Pol,Vincent Cassel,4,Laurent Zeitoun,Theodore Ty,Laurent Zeitoun
3, SND ,112,Un espion ordinaire,The Courier,103555,3,Benedict Cumberbatch,Merab Ninidze,Rachel Brosnahan,2,Dominic Cooke,Tom O'Connor (II),
2, Warner Bros. France ,109,Birds of Prey et la fantabuleuse histoire de Harley Quinn,Harley Quinn: Birds of Prey,412178,3,Margot Robbie,Mary Elizabeth Winstead,Jurnee Smollett,2,Cathy Yan,Christina Hodson,
12, Wild Bunch Distribution ,122,Belle,Ryu to Sobakasu no Hime,54238,3,Louane Emera,Kaho Nakamura,Antonin Icovic,2,Mamoru Hosoda,Mamoru Hosoda,
0, Metropolitan FilmExport ,107,Resident Evil : Bienvenue à Raccoon City,Resident Evil: Welcome to Raccoon City,110288,3,Kaya Scodelario,Hannah John-Kamen,Robbie Amell,2,Johannes Roberts,Johannes Roberts,
23, Metropolitan FilmExport ,119,Les Nuits de Mashhad,Holy Spider,30009,3,Mehdi Bajestani,Zar Amir Ebrahimi,Arash Ashtiani,2,Ali Abbasi,Ali Abbasi,
12, CGR EVENTS ,117,Demon Slayer - Kimetsu no Yaiba - Le film : Le train de l'infini,Kimetsu no Yaiba: Mugen Ressha-Hen,168930,3,Enzo Ratsito,Natsuki Hanae,Akari Kito,1,Haruo Sotozaki,,
31, Epicentre Films ,94,Pornomelancolia,Pornomelancolía,3611,3,Lalo Santos, Diablo,Brandon Ley,3,Manuel Abramovich,Manuel Abramovich,Fernando Krapp
33, ARP Sélection ,109,L'école du bout du monde,Lunana: A Yak in the Classroom,15192,3,Sherab Dorji,Ugyen Norbu Lhendup,Kelden Lhamo Gurung,2,Pawo Choyning Dorji,Pawo Choyning Dorji,
1, Paname Distribution ,132,Le Colibri,Il colibrì,31238,3,Pierfrancesco Favino,Kasia Smutniak,Bérénice Bejo,3,Francesca Archibugi,Francesca Archibugi,Laura Paolucci
2, Universal Pictures International France ,95,Crazy Bear,Cocaine Bear,75915,3,Keri Russell,O'Shea Jackson Jr.,Christian Convery,2,Elizabeth Banks,Jimmy Warden,
21, Bac Films ,143,La Femme de Tchaïkovski,Zhena Chaikovskogo,79463,3,Odin Lund Biron,Alyona Mikhailova,Filipp Avdeyev,2,Kirill Serebrennikov,Kirill Serebrennikov,
13, Arizona Distribution ,85,Les Filles vont bien,Las chicas están bien,2991,3,Bárbara Lennie,Irene Escolar,Itziar Manero,2,Itsaso Arana,Itsaso Arana,
7, Pyramide Distribution ,93,Hit The Road,Jaddeh Khaki,25480,3,Hassan Madjooni,Pantea Panahiha,Rayan Sarlak,2,Panah Panahi,Panah Panahi,
2, Sony Pictures Releasing France ,106,Le Bal de l'Enfer,The Invitation,70137,3,Nathalie Emmanuel,Thomas Doherty,Alana Boden,3,Jessica M. Thompson,Blair Butler,Jessica M. Thompson
34, Condor Distribution ,114,Vesper Chronicles,Vesper,76366,3,Raffiella Chapman,Eddie Marsan,Rosy McEwen,4,Kristina Buozyte,Bruno Samper,Kristina Buozyte
3, Metropolitan FilmExport ,103,Vivre,Living,37725,3,Bill Nighy,Aimee Lou Wood,Alex Sharp (II),2,Oliver Hermanus,Kazuo Ishiguro,
1, Le Pacte ,119,Caravage,L'Ombra di Caravaggio,95358,3,Riccardo Scamarcio,Louis Garrel,Isabelle Huppert,3,Michele Placido,Michele Placido,Sandro Petraglia
7, Wild Bunch Distribution ,159,Leila et ses frères,Leila's Brothers,41242,3,Taraneh Alidoosti,Navid Mohammadzadeh,Payman Maadi,2,Saeed Roustaee,Saeed Roustaee,
0, Haut et Court ,105,I’m Your Man,Ich bin dein Mensch,16932,3,Maren Eggert,Dan Stevens,Sandra Hüller,3,Maria Schrader,Maria Schrader,Jan Schomburg
2, Tandem ,104,Sabotage,How To Blow Up A Pipeline,12617,3,Ariela Barer,Kristine Frøseth,Lukas Gage,3,Daniel Goldhaber,Daniel Goldhaber,Ariela Barer
12, CGR EVENTS ,105,Jujutsu Kaisen 0,Gekijouban Jujutsu Kaisen 0,347583,3,Alexandre N'Guyen,Megumi Ogata,Alice Orsat,2,Sung-ho Park,Hiroshi Seko,
2, Sony Pictures Releasing France ,105,"Love Again : un peu, beaucoup, passionnément",Love Again,36242,3,Priyanka Chopra Jonas,Sam Heughan,Céline Dion,2,Jim Strouse,Jim Strouse,
1, Pathé ,99,L'Immensita,L'immensità,91906,3,Penélope Cruz,Vincenzo Amato,Luana Giuliani,3,Emanuele Crialese,Emanuele Crialese,Francesca Manieri
24, Shellac ,93,Désordres,Unrueh,3609,3,Clara Gostynski,Alexei Evstratov,Monika Stalder,2,Cyril Schäublin,Cyril Schäublin,
15, Jour2fête ,143,Godland,Vanskabte Land - Volaða Land,35205,3,Elliott Crosset Hove,Ingvar Eggert Sigurôsson,Victoria Carmen Sonne,2,Hlynur Pálmason,Hlynur Pálmason,
3, Warner Bros. France ,127,La Ruse,Operation Mincemeat,127930,3,Colin Firth,Matthew Macfadyen,Kelly Macdonald,2,John Madden,Michelle Ashford,
2, The Walt Disney Company France ,93,Les Nouveaux mutants,The New Mutants,160373,3,Maisie Williams,Anya Taylor-Joy,Charlie Heaton,3,Josh Boone,Josh Boone,Knate Lee
2, SND ,90,Enragé,Unhinged,144754,3,Russell Crowe,Caren Pistorius,Gabriel Bateman,2,Derrick Borte,Carl Ellsworth,
13, Damned Distribution ,95,En bonne compagnie,Las buenas compañías,911,3,Alícia Falcó,Elena Tarrats,Itziar Ituño,3,Silvia Munt,Silvia Munt,Jorge Gil Munárriz
13, Condor Distribution ,103,À contretemps,En los márgenes,28720,3,Penélope Cruz,Luis Tosar,Christian Checa,3,Juan Diego Botto,Juan Diego Botto,Olga Rodríguez
3, UFO Distribution ,95,The Chef,Boiling Point,24140,3,Stephen Graham,Vinette Robinson,Alice May Feetham,3,Philip Barantini,Philip Barantini,James Cummings
8, Metropolitan FilmExport ,129,Les Bonnes étoiles,Beulokeo,64763,3,Song Kang-Ho,Dong-won Gang,Doona Bae,2,Hirokazu Kore-eda,Hirokazu Kore-eda,
5, Nour Films ,97,Un hiver à Yanji,Ran dong,12843,3,Zhou Dongyu,Liu Haoran,Chuxiao Qu,2,Anthony Chen,Anthony Chen,
2, Universal Pictures International France ,100,Les Bad Guys,The Bad Guys,259472,3,Pierre Niney,Sam Rockwell,Igor Gotesman,3,Pierre Perifel,Etan Cohen,Hilary Winston
13, Warner Bros. France ,89,Sacrées momies,Moomios,168937,3,Lou Jean,Ana Esther Alborg,Roser Aldabó Arnau,3,Juan Jesús García Galocha,Jordi Gasull,Javier López Barreira
2, Paramount Pictures France ,122,Sonic 2 le film,Sonic The Hedgehog 2,749372,3,Jim Carrey,Emmanuel Curtil,James Marsden,3,Jeff Fowler,Patrick Casey,Josh Miller (LVIII)
2, Universal Pictures International France ,115,L'Un des nôtres,Let Him Go,10884,3,Kevin Costner,Diane Lane,Lesley Manville,2,Thomas Bezucha,Thomas Bezucha,
35, Wayna Pitch ,100,Règle 34,Rule 34,513,3,Sol Miranda (II),Lucas Andrade,Lorena Comparato,3,Júlia Murat,Gabriela Capello,Rafael Lessa
1, Le Pacte ,100,Storia di vacanze,Favolacce,2986,3,Elio Germano,Barbara Chichiarelli,Lino Musella,4,Fabio D'Innocenzo,Damiano D'Innocenzo,Damiano D'Innocenzo
2, Sony Pictures Releasing France ,146,Whitney Houston : I Wanna Dance With Somebody,Whitney Houston: I Wanna Dance With Somebody,64834,3,Naomi Ackie,Stanley Tucci,Tamara Tunie,2,Kasi Lemmons,Anthony McCarten,
14, Haut et Court ,102,Compartiment N°6,Hytti nro 6,42636,3,Seidi Haarla,Yuriy Borisov,Dinara Drukarova,3,Juho Kuosmanen,Juho Kuosmanen,Andris Feldmanis
2, Sony Pictures Releasing France ,107,Enzo le Croco,"Lyle, Lyle, Crocodile",132431,3,Doryan Ben,Shawn Mendes,Javier Bardem,3,Will Speck,Josh Gordon,Will Davies
0, Kinovista ,132,Sissi & moi,Sisi & Ich,2858,3,Susanne Wolff,Sandra Hüller,Georg Friedrich,3,Frauke Finsterwalder,Frauke Finsterwalder,Christian Kracht
2, Metropolitan FilmExport ,99,Esther 2 : Les Origines,Orphan: First Kill,140678,3,Isabelle Fuhrman,Julia Stiles,Rossif Sutherland,3,William Brent Bell,David Coggeshall,David Leslie Johnson-McGoldrick
2, Universal Pictures International France ,130,Emmett Till,Till,31818,3,Danielle Deadwyler,Jalyn Hall,Whoopi Goldberg,3,Chinonye Chukwu,Michael Reilly,Chinonye Chukwu
36, Météore Films ,163,N’attendez pas trop de la fin du monde,Nu aștepta prea mult de la sfârșitul lumii,1865,3,Nina Hoss,Uwe Boll,Katia Pascariu,2,Radu Jude,Radu Jude,
8, The Jokers / Les Bookmakers ,133,Ça tourne à Séoul ! Cobweb,Geomijip,13756,3,Park Jung-soo,Krystal Jung,Jung-se Oh,3,Kim Jee-Woon,Yeon-Shick Shin,Kim Jee-Woon
2, Sony Pictures Releasing France ,110,Nightmare Island,Fantasy Island,206429,3,Michael Peña,Maggie Q,Lucy Hale,3,Jeff Wadlow,Jeff Wadlow,Chris Roach
13, Wild Bunch Distribution ,114,Compétition officielle,Competencia oficial,61295,3,Penélope Cruz,Antonio Banderas,Oscar Martinez,4,Mariano Cohn,Gastón Duprat,Andrés Duprat
2, Sony Pictures Releasing France ,111,Missing : Disparition inquiétante,Missing,53919,3,Storm Reid,Nia Long,Megan Suri,4,Will Merrick (II),Nicholas D. Johnson,Will Merrick (II)
14, Haut et Court ,121,Amours à la finlandaise,Neljä pientä aikuista,7753,3,Eero Milonoff,Alma Pöysti,Oona Airola,2,Selma Vilhunen,Selma Vilhunen,
2, Metropolitan FilmExport ,93,Spirale : L'Héritage de Saw,Spiral: From The Book Of Saw,33994,3,Chris Rock,Max Minghella,Samuel L. Jackson,3,Darren Lynn Bousman,Pete Goldfinger,Josh Stolberg
12, Diaphana Distribution ,121,Contes du hasard et autres fantaisies,Guzen to sozo,55324,3,Kotone Furukawa,Ayumu Nakajima, Hyunri,2,Ryūsuke Hamaguchi,Ryūsuke Hamaguchi,
2, SND ,123,355,The 355,120131,3,Jessica Chastain,Penélope Cruz,Bingbing Fan,3,Simon Kinberg,Theresa Rebeck,Simon Kinberg
3, Wild Bunch Distribution ,108,L'Improbable voyage d'Harold Fry,The Unlikely Pilgrimage Of Harold Fry,24634,3,Jim Broadbent,Penelope Wilton,Linda Bassett,2,Hettie MacDonald,Rachel Joyce (II),
3, Metropolitan FilmExport ,93,L'Emprise du démon,The Offering,85068,3,Nick Blood,Emily Wiseman,Paul Kaye,2,Oliver Park,Hank Hoffman,
37, Eurozoom ,130,"Sakra, la légende des demi-dieux",Tin lung baat bou,12831,3,Donnie Yen,Yuqi Chen,Cya Liu,4,Donnie Yen,Kam Ka-Wai,Sheng Lingzhi
7, Bodega Films ,86,Juste une nuit,Ta farda,6580,3,Sadaf Asgari,Ghazal Shojaei,Babak Karimi,3,Ali Asgari,Ali Asgari,Alireza Khatami
2, Dulac Distribution ,82,24 heures à New-York,Mutt,2712,3,Lio Mehiel,Cole Doman,MiMi Ryder,2,Vuk Lungulov-Klotz,Vuk Lungulov-Klotz,
31, Eurozoom ,114,Le Braquage du siècle,El robo del siglo,5589,3,Guillermo Francella,Diego Peretti,Juan Alari,3,Ariel Winograd,Alex Zito,Fernando Araujo
2, The Walt Disney Company France ,99,Affamés,Antlers,75483,3,Keri Russell,Jesse Plemons,Jeremy T. Thomas,3,Scott Cooper,Nick Antosca,Henry Chaisson
12, Art House ,100,De l'autre côté du ciel,Eiga Entotsumachi no Puperu,71513,3,Philippe Katerine,Masataka Kubota,Fanny Bloc,2,Yusuke Hirota,Akihiro Nishino,
23, StudioCanal ,91,Mystère à Saint-Tropez : une enquête de l'inspecteur Boulin,Mystère à Saint-Tropez,116540,3,Christian Clavier,Benoît Poelvoorde,Thierry Lhermitte,3,Nicolas Benamou,Christian Clavier,Jean-François Halin
13, Pyramide Distribution ,120,Nos soleils,Alcarràs,20951,3,Jordi Pujol Dolcet,Anna Otín,Xenia Roset,3,Carla Simón,Carla Simón,Arnau Vilaró
12, Les Films du Préau ,105,La Maison des égarées,Misaki no Mayoiga,4640,3,Mana Ashida,Shinobu Ôtake,Sari Awano,2,Shin'ya Kawatsura,Reiko Yoshida,
7, Diaphana Distribution ,107,Les Ombres persanes,Tafrigh,16175,3,Taraneh Alidoosti,Navid Mohammadzadeh,Esmail Poor-Reza,3,Mani Haghighi,Mani Haghighi,Amir Reza Koohestani
0, Les Films du Losange ,90,Ondine,Undine,23017,3,Paula Beer,Franz Rogowski,Maryam Zaree,2,Christian Petzold,Christian Petzold,
38, Rezo Films ,86,Louxor,Luxor,3597,3,Andrea Riseborough,Michael Landes,Sherine Reda,2,Zeina Durra,Zeina Durra,
2, Universal Pictures International France ,102,Le Voyage du Dr Dolittle,Dolittle,416180,3,Robert Downey Jr.,Antonio Banderas,Jessie Buckley,3,Stephen Gaghan,Stephen Gaghan,Daniel Gregor
13, KMBO ,100,La Maleta,Objetos,16793,3,Álvaro Morte,Verónica Echegui,María Eugenia Suárez,2,Jorge Dorado,Natxo López,
39, Condor Distribution ,104,La Voix d'Aida,"Quo Vadis, Aida?",17087,3,Jasna Djuricic,Izudin Bajrovic,Boris Ler,2,Jasmila Žbanić,Jasmila Žbanić,
7, Memento Distribution ,128,Un héros,Ghahreman,64589,3,Amir Jadidi,Mohsen Tanabandeh,Fereshteh Sadre Orafaee,2,Asghar Farhadi,Asghar Farhadi,
1, ARP Sélection ,135,Nos plus belles années,Gli anni più belli,21010,3,Pierfrancesco Favino,Micaela Ramazzotti,Kim Rossi Stuart,3,Gabriele Muccino,Gabriele Muccino,Paolo Costella
12, Eurozoom ,110,Détective Conan: le sous-marin noir,Meitantei Conan: Kurogane no Submarine,18183,3,Ioanna Gkizas,Minami Takayama,Laëtitia Lienart,2,Yuzuru Tachikawa,Takeharu Sakurai,
2, Metropolitan FilmExport ,109,Ice Road,The Ice Road,57091,3,Liam Neeson,Laurence Fishburne,Holt McCallany,2,Jonathan Hensleigh,Jonathan Hensleigh,
2, Warner Bros. France ,116,Space Jam - Nouvelle ère,Space Jam: A New Legacy,182763,3,LeBron James,Don Cheadle,Sonequa Martin-Green,3,Malcolm D. Lee,Juel Taylor,Tony Rettenmaier
12, Eurozoom ,141,Violet Evergarden - le film,Gekijouban Violet Evergarden,2828,3,Yui Ishikawa,Daisuke Namikawa,Takehito Koyasu,2,Taichi Ishidate,Reiko Yoshida,
40, Jour2fête ,92,Sous les figues,Taht el Karmouss,16527,3,Ameni Fdhili,Fide Fdhili,Feten Fdhili,3,Erige Sehiri,Erige Sehiri,Ghalya Lacroix
2, Universal Pictures International France ,107,Baby Boss 2 : une affaire de famille,The Boss Baby: Family Business,362162,3,Alec Baldwin,James Marsden,Amy Sedaris,2,Tom McGrath,Michael McCullers,
13, Backup Films ,99,Piggy,Cerdita,208,3,Laura Galán,Richard Holmes (II),Carmen Machi,2,Carlota Pereda,Carlota Pereda,
10, Dulac Distribution ,95,Chili 1976,1976,21613,3,Aline Küppenheim,Nicolás Sepúlveda,Hugo Medina,3,Manuela Martelli,Manuela Martelli,Alejandra Moffat
3, StudioCanal ,109,Et l'amour dans tout ça ?,What's Love Got to Do With It?,30113,3,Lily James,Shazad Latif,Shabana Azmi,2,Shekhar Kapur,Jemima Khan,
8, Capricci Films ,84,De nos jours...,Woo-Ri-UI-Ha-Ru,5225,3,Ki Joo-bong,Kim Min-Hee,Mi-so Park,2,Hong Sang-Soo,Hong Sang-Soo,
13, Alba Films ,88,Inspecteur Sun et la malédiction de la veuve noire,Inspector Sun y la maldición de la viuda negra,2895,0,,,,2,Julio Soto Gurpide,Rocco Pucillo,
2, Metropolitan FilmExport ,93,La Proie du diable,Prey For The Devil,209337,3,Jacqueline Byers,Virginia Madsen,Colin Salmon,2,Daniel Stamm,Robert Zappia,
12, CGR EVENTS ,114,Moi quand je me réincarne en Slime - Le film : Scarlet Bond,Gekijouban Tensei Shitara Slime Datta Ken,26855,3,Takuya Eguchi,Makoto Furukawa,Rina Hidaka,1,Yasuhito Kikuchi,,
2, Metropolitan FilmExport ,96,Mon père et moi,About My Father,25767,3,Sebastian Maniscalco,Robert De Niro,Leslie Bibb,3,Laura Terruso,Sebastian Maniscalco,Austen Earl
2, Metropolitan FilmExport ,94,Follow_dead,Dear David,35528,3,Augustus Prew,Andrea Bang,Justin Long,2,John McPhail,Mike Van Waes,
31, Outplay Films ,103,Camila sortira ce soir,Camila saldrá esta noche,3198,3,Nina Dziembrowski,Adriana Ferrer,Carolina Rojas,3,Inés María Barrionuevo,Inés María Barrionuevo,Andrés Aloi
2, Universal Pictures International France ,104,American Nightmare 5 : Sans limites,The Forever Purge,173729,3,Ana de la Reguera,Tenoch Huerta,Josh Lucas,2,Everardo Gout,James DeMonaco,
1, Alba Films ,94,Le Nid du Tigre,Ta'igara: An adventure in the Himalayas,9487,3,Sunny Pawar,Claudia Gerini,Yoon C. Joyce,3,Brando Quilici,Hugh Hudson,Rupert Thomson
41, Pyramide Distribution ,169,L'Histoire de ma femme,A feleségem története,21259,3,Léa Seydoux,Gijs Naber,Louis Garrel,2,Ildiko Enyedi,Ildiko Enyedi,
13, StudioCanal ,130,"Un an, une nuit","Un año, una noche",6373,3,Noémie Merlant,Nahuel Perez Biscayart,Quim Gutiérrez,3,Isaki Lacuesta,Isa Campo,Fran Araújo
2, Universal Pictures International France ,96,Les Croods 2 : une nouvelle ère,The Croods: A New Age,288149,3,Nicolas Cage,Ryan Reynolds,Emma Stone,3,Joel Crawford,Dan Hageman,Kevin Hageman
12, Art House ,115,Rendez-vous à Tokyo,Just Remembering,27335,3,Sosuke Ikematsu,Sairi Itô,Yumi Kawai,2,Daigo Matsui,Daigo Matsui,
13, Epicentre Films ,116,Les Repentis,Maixabel,11537,3,Blanca Portillo,Luis Tosar,Urko Olazabal,3,Icíar Bollaín,Icíar Bollaín,Isa Campo
12, CGR EVENTS ,104,My Hero Academia - World Heroes' Mission,Boku no Hero Academia the Movie 3: World Heroes' Mission,129395,3,Bastien Bourlé,Daiki Yamashita,Emmanuel Rausenberger,2,Kenji Nagasaki,Yosuke Kuroda,
35, UFO Distribution ,76,Le Secret des Perlims,Perlimps,15551,3,Giulia Benite,Stenio Garcia,Leny De Luca,2,Alê Abreu,Alê Abreu,
42, L'Atelier Distribution ,125,Infiltrée,Cadejo blanco,3113,3,Karen Martínez,Rudy Rodríguez,Brandon López,2,Justin Lerner,Justin Lerner,
0, Paradis Films ,85,Les Aventures de Ricky,Richard the Stork and the Mystery of the Great Jewel,37459,3,Jay Myers,Jonathan Failla,Jeffrey Hylton,4,Mette Rank-Tange,Benjamin Quabeck,Reza Memari
2, The Walt Disney Company France ,107,Ron Débloque,Ron's Gone Wrong,137238,3,Jack Dylan Grazer,Zach Galifianakis,Ed Helms,5,Sarah Smith,Jean-Philippe Vine,Octavio E. Rodriguez
2, Sony Pictures Releasing France ,93,Pierre Lapin 2,Peter Rabbit 2: The Runaway,482349,3,Thibaut Lacour,James Corden,Rose Byrne,3,Will Gluck,Will Gluck,Patrick Burleigh
8, ESC Films ,121,Projet Wolf Hunting,Neugdaesanyang,8055,3,Seo In-guk,Dong-Yoon Jang,Jung So-min,2,Hong-seon Kim,Hong-seon Kim,
2, The Walt Disney Company France ,108,La Proie d'une ombre,The Night House,35748,3,Rebecca Hall,Sarah Goldberg,Vondie Curtis-Hall,3,David Bruckner,Ben Collins,Luke Piotrowski
2, Warner Bros. France ,106,Krypto et les Super-Animaux,DC League Of Super-Pets,333361,3,Dwayne Johnson,Kevin Hart,Muriel Robin,4,Jared Stern,Sam Levine,Jared Stern
13, Dulac Distribution ,92,Les Sorcières d'Akelarre,Akelarre,20879,3,Alex Brendemühl,Amaia Aberasturi,Daniel Fanego,3,Pablo Agüero,Pablo Agüero,Katell Guillou
12, CGR EVENTS ,101,Sword Art Online - Progressive - Scherzo of Deep Night,Gekijō-ban Sword Art Online: Progressive Kuraki Yūyami no Scherzo,22622,3,Haruka Tomatsu,Yoshitsugu Matsuoka,Shiori Izawa,1,Ayako Kôno,,
40, Jour2fête ,92,"Ashkal, l'enquête de Tunis",Ashkal,12336,3,Fatma Oussaifi,Mohamed Houcine Grayaa,Rami Harrabi,3,Youssef Chebbi,Youssef Chebbi,François-Michel Allegrini
23, Madeleine films ,114,Les Promesses,Promises,130294,3,Pierfrancesco Favino,Kelly Reilly,Jean Reno,2,Amanda Sthers,Amanda Sthers,
23, Madeleine films ,114,Les Promesses,Promises,1009,3,Pierfrancesco Favino,Kelly Reilly,Jean Reno,2,Amanda Sthers,Amanda Sthers,
2, Metropolitan FilmExport ,117,Hitman & Bodyguard 2,The Hitman's Wife's Bodyguard,214788,3,Ryan Reynolds,Samuel L. Jackson,Salma Hayek,3,Patrick Hughes (II),Brandon Murphy,Phillip Murphy
0, KMBO ,85,Le Royaume des étoiles,Peterchens Mondfahrt,158405,3,Maxime Donnay,Dirk Petrick,Benoit Van Dorslaer,3,Ali Samadi Ahadi,Ali Samadi Ahadi,Arne Nolting
9, KMBO ,119,Le Procès de l'herboriste,Charlatan,17917,3,Ivan Trojan,Josef Trojan,Juraj Loj,2,Agnieszka Holland,Marek Epstein,
3, KMBO ,93,Maurice le chat fabuleux,The Amazing Maurice,56867,3,Hugh Laurie,Emilia Clarke,Himesh Patel,3,Toby Genkel,Florian Westermann,Terry Rossio
36, Pyramide Distribution ,102,Radio Metronom,Metronom,7028,3,Mara Bugarin,Şerban Lazarovici,Vlad Ivanov,2,Alexandru Belc,Alexandru Belc,
2, Universal Pictures International France ,94,Les Trolls 2 - Tournée mondiale,Trolls World Tour,419574,3, Vitaa,Anna Kendrick,Matt Pokora,4,David P. Smith,Walt Dohrn,Jonathan Aibel
31, Capricci Films ,133,Trenque Lauquen - Partie 2,Trenque Lauquen parte II,1913,3,Laura Paredes,Juliana Muras,Ezequiel Pierri,3,Laura Citarella,Laura Citarella,Laura Paredes
43, Rezo Films ,97,Zone(s) de turbulence,Northern Comfort,5218,3,Lydia Leonard,Timothy Spall,Ella Rumpf,3,Hafsteinn Gunnar Sigurðsson,Hafsteinn Gunnar Sigurðsson,Halldór Halldórsson
13, Paramount Pictures France ,90,Tad l'explorateur et la table d'émeraude,Tadeo Jones 3: La tabla esmeralda,204164,3,Philippe Bozo,Oscar Barberán,Guillaume Lebon,3,Enrique Gato,Manuel Burque,Josep Gatell
2, Metropolitan FilmExport ,98,The Good criminal,Honest Thief,116387,3,Liam Neeson,Kate Walsh,Jai Courtney,3,Mark Williams (II),Steve Allrich,Mark Williams (II)
44, KMBO ,94,Le Rapport Auschwitz,The Auschwitz Report,6658,3,Noël Czuczor,Peter Ondrejička,Florian Panzner,3,Peter Bebjak,Peter Bebjak,Jozef Paštéka
2, Metropolitan FilmExport ,128,"Billie Holiday, une affaire d'état",The United States Vs. Billie Holiday,39905,3,Andra Day,Trevante Rhodes,Garrett Hedlund,2,Lee Daniels,Suzan-Lori Parks,
12, Art House ,115,Les Amants sacrifiés,Supai no tsuma,27949,3,Yû Aoi,Issey Takahashi,Masahiro Higashide,3,Kiyoshi Kurosawa,Ryūsuke Hamaguchi,Tadashi Nohara
8, Capricci Films ,85,Juste sous vos yeux,Dangsin-eolgul-apeseo,7264,3,Hye-Young Lee,Hae-hyo Kwon,Yunhee Cho,2,Hong Sang-Soo,Hong Sang-Soo,
45, Le Pacte ,80,"Ainbo, princesse d'Amazonie",Ainbo,109322,3,Audrey Lamy,Lola Raie,Bernardo De Paula,4,Richard Claus,Jose Zelada,Richard Claus
12, Eurozoom ,98,"Josée, le tigre et les poissons",Josee to Tora to Sakana-tachi,10060,3,Kaya Kiyohara,Taishi Nakagawa,Matsutera Chiemi,2,Kotaro Tamura,Sayaka Kuwamura,
46, Damned Distribution ,113,Un automne à Great Yarmouth,Great Yarmouth: Provisional Figures,441,3,Nuno Lopes,Beatriz Batarda,Kris Hitchen,3,Marco Martins,Marco Martins,Ricardo Adolfo
7, Bodega Films ,90,L'Odeur du vent,Derb,8528,2,Hadi Mohaghegh,Mohammad Eghbali,,2,Hadi Mohaghegh,Hadi Mohaghegh,
2, SND ,97,Samouraï Academy,Paws Of Fury: The Legend Of Hank,151216,3,Thierry Desroses,Samuel L. Jackson,Jérémie Covillault,5,Rob Minkoff,Mark Koetsier,Chris Bailey
2, Metropolitan FilmExport ,114,Nos âmes d'enfants,C'mon C'mon,20705,3,Joaquin Phoenix,Gaby Hoffmann,Woody Norman,2,Mike Mills,Mike Mills,
23, JHR Films ,67,Feu follet,Fogo-Fatuo,8026,3,Mauro da Costa,André Cabral,Margarida Vila-Nova,3,João Pedro Rodrigues,João Pedro Rodrigues,João Rui Guerra da Mata
2, The Jokers / Les Bookmakers ,90,Sons of Philadelphia,The Sound of Philadelphia,15334,3,Matthias Schoenaerts,Joel Kinnaman,Maika Monroe,3,Jérémie Guez,Peter Dexter,Jérémie Guez
47, The Jokers / Les Bookmakers ,70,"Chonchon, le plus mignon des cochons",Knor,6286,3,Hiba Ghafry,Matsen Montsma,Kees Prins,2,Mascha Halberstad,Fiona van Heemstra,
35, Optimale Distribution ,120,Le Champ des Possibles,Deserto Particular,640,3,Antonio Saboia,Pedro Fasanaro,Thomas Aquino,3,Aly Muritiba,Aly Muritiba,Henrique Dos Santos
11, Sony Pictures Releasing France ,91,Hopper et le hamster des ténèbres,Chickenhare and the Hamster of Darkness,211019,3,Thomas Solivérès,Chloé Jouannet,Nicolas Maury,3,Ben Stassen,Benjamin Mousquet,Dave Collard
48, Nour Films ,136,L'Oubli que nous serons,El olvido que seremos,8267,3,Javier Cámara,Nicolas Reyes,Juan Pablo Urrego,2,Fernando Trueba,David Trueba,
27, Condor Distribution ,102,Le Serment de Pamfir,Pamfir,17829,3,Oleksandr Yatsentyuk,Stanislav Potiak,Solomiya Kyrylova,2,Dmytro Sukholytkyy-Sobchuk,Dmytro Sukholytkyy-Sobchuk,
2, Paramount Pictures France ,97,Clifford,Clifford The Big Red Dog,163178,3,Russell Peters,Darby Camp,Jack Whitehall,3,Walt Becker,Jay Scherick,David Ronn
49, KMBO ,80,Magic !,My Fairy Troublemaker,44064,3,Shérine Seyad,Jella Haase,Marie Braun,2,Caroline Origer,Silja Clemens,
23, Dulac Distribution ,116,Tel Aviv – Beyrouth,Tel-Aviv – Beirut,7188,3,Zalfa Seurat,Maayane Boganim,Shlomi Elkabetz,2,Michale Boganim,Michale Boganim,
28, Little KMBO ,80,Le Lion et les trois brigands,Folk og røvere i Kardemomme by,14023,0,,,,3,Rasmus A. Sivertsen,Karsten Fullu,Ingrid Haukelidsæter
12, CGR EVENTS ,97,Sword Art Online - Progressive - Aria of a Starless Night,Gekijouban Sword Art Online: Progressive - Hoshinaki Yoru no Aria,28400,3,Yoshitsugu Matsuoka,Haruka Tomatsu,Inori Minase,1,Ayako Kôno,,
47, Ed Distribution ,100,N°10,Nr. 10,3250,3,Tom Dewispelaere,Frieda Barnhard,Anniek Pheifer,2,Alex Van Warmerdam,Alex Van Warmerdam,
50, Optimale Distribution ,87,Sergent Major Eismayer,Eismayer,176,3,Gerhard Liebmann,Luka Dimic,Julia Koschitz,2,David Wagner (II),David Wagner (II),
40, La Vingt-Cinquième Heure ,122,Amel & les fauves,Streams,1039,3,Afef Ben Mahmoud,Zeineb Sawen,Iheb Bouyahia,2,Mehdi Hmili,Mehdi Hmili,
51, Dulac Distribution ,114,Fièvre Méditerranéenne,Mediterranean Fever,5745,3,Amer Hlehel,Ashraf Farah,Anat Hadid,2,Maha Haj,Maha Haj,
2, Universal Pictures International France ,87,Spirit : l'indomptable,Spirit Untamed,118045,3,Isabela Merced,Marsai Martin,Mckenna Grace,4,Ennio Torresan Jr.,Elaine Bogan,Aury Wallington
23, StudioCanal ,83,Le Tour du monde en 80 jours,Around the World in 80 Days,163520,3,Damien Ferrette,Damien Ferrette,Julien Crampon,3,Samuel Tourneux,Gerry Swallow,David Michel
11, Les Alchimistes ,98,Sea Sparkle,Zeevonk,102,3,Saar Rogiers,Lynn Van Royen,Sebastien Dewaele,3,Domien Huyghe,Domien Huyghe,Wendy Huyghe
14, Urban Distribution ,99,L'Etrange histoire du coupeur de bois,Metsurin tarina,553,3,Jarkko Lahti,Hannu-Pekka Björkman,Iivo Tuuri,2,Mikko Myllylahti,Mikko Myllylahti,
13, Arizona Distribution ,64,Venez voir,Tenéis que venir a verla,7112,3,Itsaso Arana,Francesco Carril,Irene Escolar,2,Jonás Trueba,Jonás Trueba,
1, Le Pacte ,91,Seconde jeunesse,Astolfo,11387,3,Gianni Di Gregorio,Stefania Sandrelli,Alfonso Santagata,3,Gianni Di Gregorio,Gianni Di Gregorio,Marco Pettenello
52, Diaphana Distribution ,80,Ma famille afghane,My Sunny Maad,11763,3,Eliska Balzerova,Hynek Cermák,Berenika Kohoutová,3,Michaela Pavlatova,Ivan Arsenjev,Yaël Giovanna Lévy
3, ARP Sélection ,96,Un endroit comme un autre,Nowhere Special,5698,3,James Norton,Daniel Lamont,Carol Moore,2,Uberto Pasolini,Uberto Pasolini,
13, Wild Bunch Distribution ,100,Abuela,La abuela,45509,3,Almudena Amor,Vera Valdez,Karina Kolokolchykova,2,Paco Plaza,Carlos Vermut,
4, Star Invest Films France ,93,Samhain,You Are Not My Mother,5932,3,Carolyn Bracken (II),Hazel Doupe,Jade Jordan,2,Kate Dolan,Kate Dolan,
2, Warner Bros. France ,123,Many Saints Of Newark - Une histoire des Soprano,The Many Saints Of Newark,12136,3,Alessandro Nivola,Leslie Odom Jr.,Vera Farmiga,3,Alan Taylor,David Chase,Lawrence Konner
9, Memento Distribution ,159,"Varsovie 83, une affaire d'État",Żeby nie było sladów,13976,3,Tomasz Zietek,Sandra Korzeniak,Jacek Braciak,2,Jan P. Matuszynski,Kaja Krawczyk-Wnuk,
11, Le Pacte ,104,Où est Anne Frank !,Where Is Anne Frank,14543,3,Ruby Stokes,Emily Carey,Michael Maloney,2,Ari Folman,Ari Folman,
2, Universal Pictures International France ,93,La Famille Addams 2 : une virée d'enfer,The Addams Family 2,156133,3,Kev Adams,Oscar Isaac,Mélanie Bernier,4,Greg Tiernan,Conrad Vernon,Dan Hernandez
53, Pyramide Distribution ,95,L'Homme le plus heureux du monde,Najsrekjniot Chovek Na Svetot,4762,3,Jelena Kordić Kuret,Adnan Omerovic,Labina Mitevska,3,Teona Strugar Mitevska,Teona Strugar Mitevska,Elma Tataragic
36, Météore Films ,106,Bad Luck Banging or Loony Porn,Babardeală cu buclucsau porno balamuc,6321,3,Katia Pascariu,Claudia Ieremia,Olimpia Mălai,2,Radu Jude,Radu Jude,
12, Eurozoom ,95,Goodbye,"Gubbai, Don Gurîzu!",5279,3,Natsuki Hanae,Yûki Kaji,Ayumu Murase,2,Atsuko Ishizuka,Atsuko Ishizuka,
12, Star Invest Films France ,113,Le Roi cerf,The Deer King,11756,3,Fanny Blanchard, Anne,Xavier Fagnon,3,Masashi Ando,Masayuki Miyaji,Taku Kishimoto
54, Friday Entertainment ,175,Salaar : Part 1 - Ceasefire,Salaar: Part 1 - Ceasefire,345,3,Prabhas Raju,Prithviraj Sukumaran,Shruti Haasan,2,Prashanth Neel,Prashanth Neel,
55, Epicentre Films ,187,Quand les vagues se retirent,Kapag Wala Nang mga Alon,849,3,John Lloyd Cruz,Ronnie Lazaro,Don Melvin Boongaling,2,Lav Diaz,Lav Diaz,
0, Eurozoom ,92,Next Door,Nebenan,8910,3,Daniel Brühl,Peter Kurth,Rike Eckermann,2,Daniel Brühl,Daniel Kehlmann,
2, Warner Bros. France ,101,Tom et Jerry,Tom & Jerry,87570,3,Chloë Grace Moretz,Frank Welker,Michael Peña,3,Tim Story,Katie Silberman,April Prosser
56, ASC Distribution ,84,La Ruche,Zgjoi,2197,3,Yllka Gashi,Cun Lajci,Aurita Agushi,2,Blerta Basholli,Blerta Basholli,
8, Wild Bunch Distribution ,108,Lucky Strike,Beasts Clawing at Straws,34808,3,Do-Yeon Jeon,Woo-Sung Jung,Seong-woo Bae,2,Yong-hoon Kim,Yong-hoon Kim,
2, Sony Pictures Releasing France ,88,Escape Game 2 - Le Monde est un piège,Escape Room: Tournament of Champions,82707,3,Taylor Russell,Logan Miller,Thomas Cocquerel,3,Adam Robitel,Will Honley,Maria Melnik
46, Alfama Films ,127,Traces,Restos do Vento,1884,3,Nuno Lopes,Albano Jerónimo,Edgar Morais,3,Tiago Guedes,Tiago Rodrigues,Tiago Guedes
2, StudioCanal ,114,Bloody Milkshake,Gunpowder Milkshake,10853,3,Karen Gillan,Lena Headey,Michelle Yeoh,3,Navot Papushado,Navot Papushado,Ehud Lavski
2, Sony Pictures Releasing France ,100,La Chapelle du Diable,The Unholy,19511,3,Jeffrey Dean Morgan,Katie Aselton,William Sadler,2,Evan Spiliotopoulos,Evan Spiliotopoulos,
23, Bac Films ,152,La Fièvre de Petrov,Petrov's Flu,8947,3,Semyon Serzin,Chulpan Khamatova,Yulia Peresild,2,Kirill Serebrennikov,Kirill Serebrennikov,
19, Alba Films ,90,L'Arbre à voeux,The Wishmas Tree,50457,3,Miranda Tapsell,Sophie Pyronnet,Miranda Tapsell,3,Ricard Cussó,Peter Ivan,Ryan Greaves
36, Optimale Distribution ,81,Poppy Field,Câmp de maci,1436,3,Conrad Mericoffer,Alexandru Potocean,Radouan Leflahi,2,Eugen Jebeleanu,Ioana Moraru,
15, Star Invest Films France ,102,Wild Men,Vildmænd,5004,3,Rasmus Bjerg,Zaki Youssef,Bjørn Sundquist,3,Thomas Daneskov,Thomas Daneskov,Morten Pape
2, Alba Films ,98,Mon grand-père et moi,The War with Grandpa,50862,3,Robert De Niro,Oakes Fegley,Uma Thurman,3,Tim Hill,Tom J. Astle,Matt Ember
19, Alba Films ,88,Le Rêve de Daisy,Daisy Quokka: World's Scariest Animal,25332,3,Marie Braam,Angourie Rice,Jean-Michel Vovk,2,Ricard Cussó,Ryan Greaves,
50, Paname Distribution ,116,Great Freedom,Große Freiheit,10070,3,Franz Rogowski,Georg Friedrich,Anton von Lucke,3,Sebastian Meise,Thomas Reider,Sebastian Meise
1, L'Atelier Distribution ,120,Amants super-héroïques,Supereroi,5141,3,Jasmine Trinca,Alessandro Borghi,Greta Scarano,3,Paolo Genovese,Paolo Genovese,Rolando Ravello
46, Epicentre Films ,111,Loup & Chien,Lobo e Cão,974,3,Ana Cabral,Ruben Pimenta,Cristiana Branquinho,3,Claudia Varejão,Claudia Varejão,Leda Cartum
11, Apollo Films ,89,Bigfoot Family,Big Foot Family,84767,3,Kylian Trouillard,Kylian Trouillard,Alexis Victor,4,Ben Stassen,Jérémie Degruson,Bob Barlen
21, Potemkine Films ,120,Chers camarades !,Dear Comrades,9240,3,Yuliya Vysotskaya,Vladislav Komarov,Andrey Gusev,3,Andrey Konchalovsky,Andrey Konchalovsky,Elena Kiseleva
8, Arizona Distribution ,93,"La Romancière, le film et le heureux hasard",So-seol-ga-ui Yeong-hwa,8960,3,Hye-yeong Lee,Kim Min-Hee,Young-hwa Seo,2,Hong Sang-Soo,Hong Sang-Soo,
2, Warner Bros. France ,94,Scooby !,Scoob!,191223,3,Frank Welker,Will Forte,Zac Efron,3,Tony Cervone,Adam Sztykiel,Jack Donaldson
12, Eurozoom ,97,La chance sourit à madame Nikuko,Gyokou no Nikuko-chan,15105,3, Cocomi,Shinobu Ôtake,Izumi Ishii,2,Ayumu Watanabe,Satomi Ohshima,
12, Art House ,125,Aristocrats,Anoko wa kizoku,28303,3,Mugi Kadowaki,Kiko Mizuhara,Kengo Kora,2,Yukiko Sode,Yukiko Sode,
48, Pyramide Distribution ,86,L'Éden,La Jauría,2876,3,Jhojan Estiven Jimenez,Maicol Andrés Jimenez Zarabanda,Wismer Vasquez,2,Andrés Ramirez Pulido,Andrés Ramirez Pulido,
0, KMBO ,76,Max et Emmy : Mission Pâques,Die Häschenschule 2 - Der große Eierklau,49805,3,Noah Levi,Elise Eikermann,Senta Berger,3,Ute von Münchow-Pohl,Katja Grübel,Dagmar Rehbinder
2, Warner Bros. France ,143,D'où l'on vient,In The Heights,27128,3,Anthony Ramos,Melissa Barrera,Leslie Grace,2,Jon M. Chu,Quiara Alegria Hudes,
23, Jour2fête ,102,Chevalier Noir,A Tale of Shemroon,9284,3,Iman Sayad Borhani,Payar Allahyari,Masoumeh Beygi,2,Emad Aleebrahim Dehkordi,Emad Aleebrahim Dehkordi,
57, Condor Distribution ,88,Utama : La Terre Oubliée,Utama,8948,3,José Calcina,Luisa Quispe,Santos Choque,2,Alejandro Loayza Grisi,Alejandro Loayza Grisi,
13, Ed Distribution ,75,Un corps sous la lave,Eles transportan a morte,114,3,Nuria Lestegás,Sara Ferro (II),Xoán Reices,4,Samuel M. Delgado,Helena Girón,Helena Girón
56, Le Pacte ,83,La Colline où rugissent les lionnes,Luaneshat et kodrës,4342,3,Flaka Latifi,Uratë Shabani,Era Balaj,2,Luàna Bajrami,Luàna Bajrami,
2, Star Invest Films France ,106,Un fils du sud,Son of the South,9703,3,Lucas Till,Lucy Hale,Lex Scott Davis,2,Barry Alexander Brown,Barry Alexander Brown,
7, ARP Sélection ,107,Aucun ours,Khers nist,28234,3,Jafar Panahi,Naser Hashemi,Vahid Mobasheri,2,Jafar Panahi,Jafar Panahi,
16, Saje Distribution ,109,L'Homme de Dieu,Man Of God,1515,3,Mickey Rourke,Tonia Sotiropoulou,Alexander Petrov (I),2,Yelena Popovic,Yelena Popovic,
23, Dulac Distribution ,112,Plumes,Feathers,5471,3,Demyana Nassar,Samy Bassouny,Fady Mina Fawzy,3,Omar El Zohairy,Ahmed Amer (II),Omar El Zohairy
0, Alba Films ,82,"Mia et moi, L’Héroïne de Centopia",Mia And Me - The Movie,42006,3,Margot Nuccetelli,Dave Willetts,Rick Kavanian,4,Adam Gunn,Matthias Temmermans,Gerhard Hahn
58, Wayna Pitch ,90,All Eyes Off Me,Mishehu Yohav Mishehu,2553,3,Elisheva Weil,Leib Lev Lenin,Yoav Hait,2,Hadas Ben Aroya,Hadas Ben Aroya,
23, Wayna Pitch ,103,Pulse,Heartbeast,383,3,Elsi Sloan,Carmen Kassovitz,Lucille Guillaume,2,Aino Suni,Aino Suni,
51, Shellac ,97,200 mètres,200 Meters,5684,3,Ali Suliman,Anna Unterberger,Gassan Abbas,2,Ameen Nayfeh,Ameen Nayfeh,
36, Arizona Distribution ,118,Dédales,Miracol,8937,3,Ioana Bugarin,Emanuel Parvu,Cezar Antal,2,Bogdan George Apetri,Bogdan George Apetri,
17, La Vingt-Cinquième Heure ,90,Les Fantômes d'Istanbul,Hayaletler,1299,3,Dilayda Güneş,Beril Kayar,Nalan Kuruçim,2,Azra Deniz Okyay,Azra Deniz Okyay,
29, Destiny Films ,89,L'Éducation d'Ademoka,Ademoka's Education,1110,3,Adema Yerzhanova,Daniyar Alshinov,Bolat Kalymbetov,2,Adilkhan Yerzhanov,Adilkhan Yerzhanov,
9, Saje Distribution ,96,Entre ciel et terre,Czysciec,1804,3,Malgorzata Kozuchowska,Kamila Kaminska,Philippe Tlokinski,2,Michał Kondrat,Michał Kondrat,
13, Star Invest Films France ,88,D'Artagnan et les trois Mousquetaires,D'Artacán y los tres mosqueperros,20012,3,Jim Redler,Tomás Ayuso,Karina Matas Piper,2,Toni García,Douglas Langdale,
12, Haut et Court ,140,True Mothers,Asa ga Kuru,11839,3,Arata Iura,Hiromi Nagasaku,Aju Makita,3,Naomi Kawase,Naomi Kawase,Izumi Takahashi
46, Cinéma Public Films ,85,Les Démons d’argile,Os demónios do meu avô,648,3,Cédric Carlier,Cédric Carlier,Aloïse Sauvage,3,Nuno Beato,Cristina Pinheiro,Possidónio Cachapa
28, Program Store ,96,La Traversée,Flukten over grensen,5764,3,Anna Sofie Skarholt,Bo Lindquist-Ellingsen,Samson Steine,3,Johanne Helgeland,Maja Lunde,Espen Torkildsen
28, Program Store ,96,La Traversée,Flukten over grensen,189578,3,Anna Sofie Skarholt,Bo Lindquist-Ellingsen,Samson Steine,3,Johanne Helgeland,Maja Lunde,Espen Torkildsen
12, Art House ,133,Tempura,Hold me Back,15217,3, Non,Kento Hayashi,Ai Hashimoto,2,Akiko Ohku,Akiko Ohku,
59, Dulac Distribution ,81,Le Barrage,Al-Sadd,4214,3,Maher El Khair,Mudathir Musa,Santino Aguer Ding,3,Ali Cherri,Ali Cherri,Geoffroy Grison
0,"
# prix
",101,Sleep,Schlaf,48796,3,Gro Swantje Kohlhof,Sandra Hüller,August Schmölzer,2,Michael Venus,Michael Venus,
12, Art House ,109,Suis-moi je te fuis,The Real Thing part 1,11537,3,Win Morisaki,Kaho Tsuchimura,Shohei Uno,3,Kôji Fukada,Shintaro Mitani,Kôji Fukada
0, Shellac ,104,A E I O U - L'alphabet rapide de l'amour,A E I O U - Das schnelle Alphabet der Liebe,424,3,Sophie Rois,Udo Kier,Milan Herms,2,Nicolette Krebitz,Nicolette Krebitz,
23, UFO Distribution ,120,Burning Casablanca (Zanka Contact),Zanka Contact,5444,3,Khansa Batma,Ahmed Hammoud,Said Bey,2,Ismaël El Iraki,Ismaël El Iraki,
10, Nour Films ,98,La Vache qui chantait le futur,La vaca que cantó una canción sobre el futuro,772,3,Léonor Varela,Mia Maestro,Alfredo Castro,3,Francisca Alegría,Francisca Alegría,Manuela Infante
7, KMBO ,106,Le Pardon,Ghasideyeh gave sefid,9944,3,Maryam Moghadam,Alireza Sani Far,Pouria Rahimi,4,Maryam Moghadam,Behtash Sanaeeha,Maryam Moghadam
13, UFO Distribution ,80,Ramona fait son cinéma,Ramona,9767,3,Lourdes Hernández,Bruno Lastra,Francesco Carril,2,Andrea Bagney,Andrea Bagney,
9, La Vingt-Cinquième Heure ,97,Une femme sur le toit,Kobieta na dachu,612,3,Dorota Pomykala,Bogdan Koca,Adam Bobik,2,Anna Jadowska,Anna Jadowska,
2, SND ,84,Les Bouchetrous,Extinct,71419,3,Adam Devine,Rachel Bloom,Ken Jeong,5,David Silverman,Raymond S. Persi,Raymond S. Persi
4, Destiny Films ,100,Faces cachées,Rose Plays Julie,3406,3,Ann Skelly,Orla Brady,Aidan Gillen,4,Joe Lawlor,Christine Molloy,Joe Lawlor
24, Wayna Pitch ,98,La Jeune Fille et l'Araignée,Das Mädchen und die Spinne,1008,3,Henriette Confurius,Liliane Amuat,Ursina Lardi,4,Ramon Zürcher,Silvan Zürcher,Ramon Zürcher
27, Nour Films ,107,Butterfly Vision,Bachennya Metelyka,4878,3,Rita Burkovska,Lyubomyr Valivots,Myroslava Vytrykhoska-Makar,3,Maksym Nakonechnyi,Maksym Nakonechnyi,Iryna Tsilyk
2, Universal Pictures International France ,137,Cher Evan Hansen,Dear Evan Hansen,3700,3,Ben Platt,Julianne Moore,Kaitlyn Dever,2,Stephen Chbosky,Steven Levenson,
13, Le Pacte ,104,En décalage,Tres,4494,3,Marta Nieto,Miki Esparbé,Fran Lareu,3,Juanjo Giménez Peña,Juanjo Giménez Peña,Pere Altimira
3,"
1 nomination
",101,Goodbye,Hope Gap,5279,3,Annette Bening,Bill Nighy,Josh O'Connor,2,William Nicholson,William Nicholson,
60, Capricci Films ,126,Days,Rizi,1956,2,Lee Kang-sheng,Anong Houngheuangsy,,2,Tsai Ming-liang,Tsai Ming-liang,
0, Outplay Films ,90,Seule la joie,Glück/Bliss,1394,3,Katharina Behrens,Adam Hoya,Nele Kayenberg,2,Henrika Kull,Henrika Kull,
23, Gebeka Films ,88,Même les souris vont au paradis,I mysi patrí do nebe,2867,3,Marie Nonnenmacher,Vincent De Bouard,Jérôme Pauwels,3,Jan Bubenicek,Denisa Grimmovà,Alice Nellis
12, Art House ,123,The Housewife,Red,10429,3, Kaho,Tasuku Emoto,Shôtarô Mamiya,3,Yukiko Mishima,Yukiko Mishima,Chihiro Ikeda
12, Art House ,124,Fuis-moi je te suis,The Real Thing part 2,6917,3,Win Morisaki,Kaho Tsuchimura,Shohei Uno,3,Kôji Fukada,Shintaro Mitani,Kôji Fukada
12, Eurozoom ,104,N'oublie pas les fleurs,A Hundred Flowers,3096,3,Masaki Suda,Mieko Harada,Yuka Itaya,3,Genki Kawamura,Genki Kawamura,Hirase Kentaro
2, Universal Pictures International France ,114,La Voix du succès,The High Note,22418,3,Dakota Johnson,Tracee Ellis Ross,Kelvin Harrison Jr.,2,Nisha Ganatra,Flora Greeson,
45, Bobine Films ,94,Un monde pour Julius,Un Mundo para Julius,423,3,Mayella Lloclla,Fiorella de Ferrari,Nacho Fresneda,2,Rossana Diaz Costa,Rossana Diaz Costa,
36, Eurozoom ,85,L'Ile,The Island,346,3,Alexandru Bălănescu,Ada Milea,Cristina Juncu,3,Anca Damian,Anca Damian,Augusto Zanovello
23, Arizona Distribution ,100,Si le vent tombe,Should the Wind Fall,8632,3,Grégoire Colin,Hayk Bakhryan,Arman Navasardyan,3,Nora Martirosyan,Nora Martirosyan,Emmanuelle Pagano
12, Eurozoom ,110,Detective Conan : La Fiancée de Shibuya,Meitantei Conan : Halloween no Hanayome,18200,3,Minami Takayama,Wakana Yamazaki, Chafûrin,2,Susumu Mitsunaka,Okura Takahiro,
59, Alba Films ,110,Le Dernier Piano,Broken Keys,3821,3,Tarek Yaacoub,Rola Baksmati,Mounir Maasri,2,Jimmy Keyrouz,Jimmy Keyrouz,
8, Les Bookmakers / Capricci Films ,77,La Femme qui s’est enfuie,Domangchin yeoja,10464,3,Kim Min-Hee,Young-hwa Seo,Saebyuk Kim,2,Hong Sang-Soo,Hong Sang-Soo,
61, Les Films des Deux Rives ,97,Rêve,Argu,273,3,Mohamed Lefkir,Kouceila Mustapha,Latifa Aissat,2,Omar Belkacemi,Omar Belkacemi,
7, L'Atelier Distribution ,102,Marché noir,Koshtargah,1364,3,Amirhosein Fathi,Mani Haghighi,Baran Kosari,3,Abbas Amini,Abbas Amini,Hossein Farokhzadeh
51, Destiny Films ,90,Le Piège de Huda,Huda's Salon,3389,3,Ali Suliman,Maisa Abd Elhadi,Manal Awad,2,Hany Abu-Assad,Hany Abu-Assad,
13, Destiny Films ,103,Les Mystères de Barcelone,La vampira de Barcelona,2581,3,Nora Navas,Roger Casamajor,Bruna Cusí,3,Lluis Danès,Maria Jaén,Lluís Arcarazo
3, Les Films du Préau ,43,Zébulon le dragon et les médecins volants,Zog and the Flying Doctors,14300,3,Lenny Henry,Patsy Ferran,Daniel Ings,1,Sean Mullen,,
8, Capricci Films ,66,Introduction,Inteurodeoksyeon,3830,3,Shin Seokho,Mi-so Park,Kim Young-Ho,2,Hong Sang-Soo,Hong Sang-Soo,
15, UFO Distribution ,86,La Dernière nuit de Lise Broholm,Du som er i himlen,4306,3,Flora Ofelia Hofman Lindahl,Ida Cæcilie Rasmussen,Thure Lindhardt,2,Tea Lindeburg,Tea Lindeburg,
4, Paradis Films ,86,Oups ! J’ai encore raté l’arche…,Ooops! The Adventure Continues…,37007,3,Max Carolan,Ava Connolly,Dermot Magennis,4,Toby Genkel,Sean McCormack (II),Richard Conroy
21, ARP Sélection ,96,Les Poings desserrés,Razzhimaya Kulaki,11271,3,Milana Aguzarova,Alik Karaev,Soslan Khugaev,3,Kira Kovalenko,Kira Kovalenko,Anton Yarush
7, Bodega Films ,102,The Wasteland,Dashte Khamoush,548,3,Ali Bagheri,Farrokh Nemati,Mahdieh Nassaj,2,Ahmad Bahrami,Ahmad Bahrami,
31, Optimale Distribution ,112,Coeur errant,Errante corazón,816,3,Leonardo Sbaraglia,Miranda de la Serna,Eva Llorach,2,Leonardo Brzezicki,Leonardo Brzezicki,
14, Orange studio / Urban Distribution ,82,La Femme du fossoyeur,The Gravedigger’s Wife,842,3,Omar Abdi,Yasmin Warsame,Kadar Abdoul-Aziz Ibrahim,2,Khadar Ahmed,Khadar Ahmed,
0, Haut et Court ,119,Ce qui reste,Die Welt wird eine andere sein,1724,3,Canan Kir,Roger Azar,Özay Fecht,2,Anne Zohra Berrached,Stefanie Misrahi,
32, Damned Distribution ,151,Sous le ciel de Koutaïssi,"Ras vkhedavt, rodesac cas vukurebt?",1914,3,Giorgi Bochorishvili,Ani Karseladze,Oliko Barbakadze,2,Aleksandre Koberidze,Aleksandre Koberidze,
7, Bodega Films ,99,Les Enfants du soleil,Khorshid,2044,3,Ali Nassirian,Javad Ezati,Tannaz Tabatabaei,3,Majid Majidi,Nima Javidi,Majid Majidi
0, Bodega Films ,111,Crescendo,Crescendo - #Makemusicnotwar,5161,3,Peter Simonischek,Daniel Donskoy,Mehdi Meskar,3,Dror Zahavi,Johannes Rotter,Dror Zahavi
18, Les Films du Préau ,72,Ma mère est un gorille (et alors?),Apstjärnan,5076,3,Rebecca Gerstmann,Pernilla August,Melinda Kinnaman,2,Linda Hambäck,Janne Vierth,
12, Eurozoom ,110,Detective Conan - The Scarlet Bullet,Meitantei Conan: Hiiro no Dangan,13102,3,Minami Hamabe,Megumi Hayashibara,Kenichi Ogata,2,Chika Nagaoka,Takeharu Sakurai,
10, Outplay Films ,93,Je tremble ô Matador,Tengo miedo torero,5652,3,Alfredo Castro,Leonardo Ortizgris,Julieta Zylberberg,2,Rodrigo Sepúlveda,Rodrigo Sepúlveda,
0, Cinéma Saint-André des Arts ,89,Hypérion s’est échappé,Hyperion ist entflohen,18,2,André Lewski,Uwe Steinmetz,,2,Arnaud Gerber,Arnaud Gerber,
2, Damned Distribution ,104,Ghost Therapy,The Civil Dead,1371,3,Clay Tatum,Whitmer Thomas,Whitney Weir,3,Clay Tatum,Clay Tatum,Whitmer Thomas
26, ARP Sélection ,103,Une femme indonésienne,Nana,5016,3,Happy Salma,Rieke Diah Pitaloka,Laura Basuki,3,Kamila Andini,Kamila Andini,Ahda Imran
21, Destiny Films ,130,Conférence,Konferentsiya,559,3,Natalya Pavlenkova,Natalya Potapova,Kseniya Zueva,2,Ivan I. Tverdovsky,Ivan I. Tverdovsky,
15, KMBO ,80,"Extra : Allan, Britney et le vaisseau spatial",Lille Allan - den menneskelige antenne,21988,3,Louis Næss-Schmidt,Sofie Torp,Jesper Christensen,3,Amalie Næsby Fick,Amalie Næsby Fick,Thomas Porsager
7, Bodega Films ,98,The Wastetown,Shahre Khamoush,76,2,Baran Kosari,Ali Bagheri,,2,Ahmad Bahrami,Ahmad Bahrami,
34, Shellac ,127,Au crépuscule,Sutemose,3482,3,Marius Povilas Elijas Martinenko,Arvydas Dapsys,Alina Zaliukaite-Ramanauskiene,3,Sharunas Bartas,Sharunas Bartas,Ausra Giedraityte
17, ARP Sélection ,147,Les Promesses d’Hasan,Bağlılık Hasan,5671,3,Umut Karadağ,Filiz Bozok,Mahir Günşiray,2,Semih Kaplanoğlu,Semih Kaplanoğlu,
62, Les Films du Losange ,90,White Building,Bodeng Sar,2315,3,Piseth Chhun,Sithan Hout,Sokha Uk,3,Kavich Neang,Kavich Neang,Daniel Mattes
23, Cinéma Saint-André des Arts ,60,La Louve,La Lupa,72,3,Jessica Mazzoli,Pierre-Yves Massip,Carolina Vinci,4,Manon Décor,Michele Salimbeni,Manon Décor
58, Dulac Distribution ,94,My Kid,Here We Are,4244,3,Shai Avivi,Noam Imber,Smadi Wolfman,2,Nir Bergman,Dana Idisis,
59, JHR Films / Jour2Fête ,116,Face à la mer,Albahr 'amamakum,1136,3,Manal Issa,Roger Azar,Yara Abou Haidar,2,Ely Dagher,Ely Dagher,
63, Eurozoom ,106,Employé / patron,El Empleado Y El Patron,5472,3,Nahuel Perez Biscayart,Cristian Borges,Justina Bustos,2,Manuel Nieto Zas,Manuel Nieto Zas,
0, Metropolitan FilmExport ,103,Monster Family : en route pour l'aventure !,Happy Family 2,21493,3,Emily Watson,Nick Frost,Jessica Brown Findlay,3,Holger Tappe,David Safier,Abraham Katz
54, Friday Entertainment ,168,Vamshajan,Varisu,15401,3,Joseph Vijay,Rashmika Mandanna, Shaam,3,Vamshi Paidipally,Vamshi Paidipally, Hari
12, Eurozoom ,71,On-Gaku : Notre Rock !,On-Gaku: Our Sound,1007,3,Shintarô Sakamoto,Ren Komai,Tomoya Maeno,2,Kenji Iwaisawa,Kenji Iwaisawa,
64, Damned Distribution ,118,Anatomy of Time,Wela,250,3,Thaveeratana Leelanuja,Prapamonton Eiamchan,Sorabodee Changsiri,2,Jakrawal Nilthamrong,Jakrawal Nilthamrong,
0, Gebeka Films ,75,L’Anniversaire de Tommy,Best Birthday Ever,9205,3,Fanny Roy,Jennifer Saunders,David Macaluso,2,Michael Ekbladh,Aje Brücken,
58, Pyramide Distribution ,101,Et il y eut un matin,Vayehi Boker,9743,3,Alex Bachri,Juna Suleiman,Salim Daw,2,Eran Kolirin,Eran Kolirin,
65, Arizona Distribution ,120,L’ Indomptable feu du printemps,"This Is Not a Burial, It's a Resurrection",1874,3,Mary Twala,Jerry Mofokeng,Makhaola Ndebele,2,Lemohang Jeremiah Mosese,Lemohang Jeremiah Mosese,
35, Jour2fête ,80,To Kill the Beast,Matar a la Bestia,593,3,Tamara Rocca,Ana Brun,João Miguel,2,Agustina San Martín,Agustina San Martín,
46, Alfama Films ,81,Elle s'appelle Barbara,A Noiva,298,3,Joana Bernardo,Hugo Bentes,Lola Dueñas,2,Sérgio Tréfaut,Sérgio Tréfaut,
23, Survivance ,85,Le grand mouvement,El Gran Movimiento,2836,3,Julio César Ticona,Max Bautista Uchasara,Francisca Arce de Aro,2,Kiro Russo,Kiro Russo,
35, Tamasa Distribution ,93,Memory House,Casa de Antiguidades,125,3,Antonio Pitanga,Ana Flavia Cavalcanti,Soren Hellerup,3,João Paulo Miranda Maria,João Paulo Miranda Maria,Felipe Sholl
35, Optimale Distribution ,110,Vent chaud,Vento Seco,1033,3,Leandro Faria Lelo,Allan Jacinto Santana,Renata Carvalho,2,Daniel Nolasco,Daniel Nolasco,
44, Les Alchimistes ,93,107 Mothers,Cenzorka,584,3,Maryna Klimova,Iryna Kiryazeva,Lyubov Vasylyna,3,Péter Kerekes,Ivan Ostrochovský,Péter Kerekes
46, Alfama Films ,140,L'Ordre moral,Ordem Moral,2014,3,Maria de Medeiros,Marcello Urgeghe,João Luís Arrais,2,Mario Barroso,Carlos Saboga,
3, KMBO ,46,Noël avec les frères Koalas,The Koala Brothers' Christmas,5286,0,,,,1,Tobias Fouracre,,
10, Outplay Films ,71,Les Sentiers de l'oubli,La Nave del Olvido,395,3,Rosa Ramírez Ríos,Romana Satt,Gabriela Arancibia,2,Nicol Ruiz Benavides,Nicol Ruiz Benavides,
1, Pyramide Distribution ,91,Sème le vent,Semina il vento,1905,3,Yile Yara Vianello,Feliciana Sibilano,Caterina Valente,3,Danilo Caputo,Danilo Caputo,Milena Magnani
58, Nour Films ,102,La Mort du cinéma et de mon père aussi,The Death of Cinema and My Father Too,793,3,Marek Rozenbaum,Roni Kuban,Ina Rosenberg,3,Dani Rosenberg,Dani Rosenberg,Itay Kohay
29, Alfama Films ,105,Poet,Akyn,1350,3,Yerdos Kanaev,Gulmira Khasanova,Klara Kabylgazina,2,Darezhan Omirbayev,Darezhan Omirbayev,
41, Nour Films ,103,Natural Light,Természetes fény,1901,3,Ferenc Szabó,László Bajkó,Tamás Garbacz,2,Dénes Nagy,Dénes Nagy,
66, Epicentre Films ,92,Domingo et la brume,Domingo Y La Niebla,1446,3,Carlos Ureña,Sylvia Sossa,Esteban Brenes Serrano,2,Ariel Escalante Meza,Ariel Escalante Meza,
17, Moonlight Films Distribution ,85,Anatolia,Okul Tıraşı,926,3,Samet Yıldız,Ekin Koç,Mahir İpek,3,Ferit Karahan,Ferit Karahan,Gülistan Acet
0, Shellac ,119,Rabiye Kurnaz contre George W. Bush,Rabiye Kurnaz gegen George W. Bush,412,3,Meltem Kaptan,Alexander Scheer,Charly Hübner,2,Andreas Dresen,Laila Stieler,
24, New Story ,92,Jungle rouge,Red Jungle,2575,3,Álvaro Bayona,Vera Mercado,Patricia Tamayo,4,Juan José Lozano,Zoltan Horvath,Juan José Lozano
2, Capricci Films ,213,Les Travaux et les Jours - Partie 1,The Works And Days (Of Tayoko Shiojiri In The Shiotani Basin) Part 1,840,3,Tayoko Shiojiri,Hiroharu Shikata,Ryô Kase,4,Anders Edström,C.W. Winter,C.W. Winter
13, Eurozoom ,95,Le Roi du monde,El rey de todo el mundo,1140,3,Ana de la Reguera,Manuel Garcia-Rulfo,Isaac Hernández,2,Carlos Saura,Carlos Saura,
16, Bodega Films ,90,Apples,Mila,414,3,Aris Servetalis,Sofia Georgovassili,Anna Kalaitzidou,3,Christos Nikou,Christos Nikou,Stavros Raptis
46, Shellac ,98,Journal de Tûoa,Diários de Otsoga,2687,3,Crista Alfaiate,Carloto Cotta,João Nunes Monteiro,4,Miguel Gomes,Maureen Fazendeiro,Mariana Ricardo
5, Norte Distribution ,101,The Cloud in Her Room,Ta fang jian li de yun,1045,3,Jin Jing,Zhou Chen,Ye Hongming,2,Zheng Lu Xinyuan,Zheng Lu Xinyuan,
32, Why Not Productions ,125,Au commencement,Dasatskisi,180,3,Ia Sukhitashvili,Kakha Kintsurashvili,Rati Oneli,3,Dea Kulumbegashvili,Dea Kulumbegashvili,Rati Oneli
67, Bobine Films ,91,Nudo mixteco : trois destins de femmes,Nudo mixteco,69,3,Sonia Couoh,Noé Hernandez,Myriam Bravo,2,Ángeles Cruz,Ángeles Cruz,
13, La Fabrica Nocturna Cinéma ,97,L'Esprit sacré,Espíritu sagrado,774,3,Nacho Fernández,Llum Arques,Joanna Valverde,2,Chema Garcia Ibarra,Chema Garcia Ibarra,
62, Local Films ,82,Les Affluents,Coalesce,1186,3,Songsa Sek,Phearum Eang,Rithy Rom,2,Jessé Miceli,Jessé Miceli,
27, Wayna Pitch ,122,Jeunesse en sursis,Stop-Zemlia,314,3,Maria Fedorchenko,Arsenii Markov,Yana Isaienko,2,Kateryna Gornostai,Kateryna Gornostai,
13, Saje Distribution ,101,Ce ne sera pas notre dernier Noël,Tengamos la fiesta en paz,917,3,Carlos Aguillo,Teresa Ferrer,Mamen García,2,Juan Manuel Cotelo,Juan Manuel Cotelo,
14, Urban Distribution ,82,Any Day Now,Ensilumi,299,3,Aran-Sina Keshvari,Shahab Hosseini,Shabnam Ghorbani,3,Hamy Ramezan,Hamy Ramezan,Antti Rautava
2,"
385 entrées
",60,"Barbie : Grande Ville, Grands Rêves","Barbie: Big City, Big Dreams",391,3,America Young,Greg Chun,Kirsten Day,3,Scott Pleydell-Pearce,Christopher Keenan,Kate Splaine
5, ASC Distribution ,104,Grand frère,Wisdom Tooth,414,3,Lu Celeste,Wu Xiaoliang,Jiajia Wang,2,Liang Ming,Liang Ming,
50, Les Films du Losange ,102,Oskar et Lily,Ein bisschen bleiben wir noch,1324,3,Leopold Pallua,Rosa Zant,Anna Fenderl,2,Arash T. Riahi,Arash T. Riahi,
23, Cinéma Saint-André des Arts ,88,Le Voyage d'Ana,El Viaje de Ana,108,3,Astrid Adverbe,Dimitra Kontou,Maritza Gonzalez,2,Pamela Varela,Pamela Varela,
54, Night ed films ,114,Radhe,Radhe: Your Most Wanted Bhai,196,3,Salman Khan,Disha Patani,Sapna Pabbi,3,Prabhu Deva, A.C. Mughil,Vijay Maurya
