entrees_fr,entrees_usa,film_titre,semaine_fr,semaine_usa
1 383 999,82 505 391,Dune : Deuxième Partie,28 février au 6 mars 2024,01 au 4 mars 2024
1 030 687,40 100 000,Dune,15 au 22 septembre 2021,22 au 25 octobre 2021
177 724,,Bolero,06 au 13 mars 2024,
346 499,,Anatomie d’une chute,23 au 30 août 2023,
145 340,,Il reste encore demain,13 au 20 mars 2024,
90 612,,La Salle des profs,06 au 13 mars 2024,
136 628,,Heureux gagnants,13 au 20 mars 2024,
456 390,1 708 813,Une vie,21 au 28 février 2024,15 au 18 mars 2024
126 678,,14 jours pour aller mieux,06 au 13 mars 2024,
772 865,28 600 000,Bob Marley: One Love,14 au 21 février 2024,16 au 19 février 2024
584 706,,Cocorico,07 au 14 février 2024,
58 613,,La Vie de ma mère,06 au 13 mars 2024,
239 108,,La Zone d'intérêt,31 janvier au 7 février 2024,
112 650,,Madame de Sévigné,28 février au 6 mars 2024,
51 921,,Scandaleusement vôtre,13 au 20 mars 2024,
55 026,,Comme un fils,06 au 13 mars 2024,
51 632,,La Nouvelle femme,13 au 20 mars 2024,
526 067,,Maison de retraite 2,14 au 21 février 2024,
129 796,,Immaculée,20 au 27 mars 2024,
186 568,1 282 208,Pauvres Créatures,17 au 24 janvier 2024,15 au 18 décembre 2023
54 009,,Bis Repetita,20 au 27 mars 2024,
12 482,,Dans la peau de Blanche Houellebecq,13 au 20 mars 2024,
74 540,,Sans jamais nous connaître,14 au 21 février 2024,
1 138 907,80 500 000,Oppenheimer,19 au 26 juillet 2023,21 au 24 juillet 2023
314 952,,Chien et Chat,14 au 21 février 2024,
78 789,,Tombés du camion,28 février au 6 mars 2024,
38 177,,Les Rois de la Piste,13 au 20 mars 2024,
89 440,10 000 000,Imaginary,06 au 13 mars 2024,08 au 11 mars 2024
116 784,,Karaoké,20 au 27 mars 2024,
36 556,,Black Tea,28 février au 6 mars 2024,
222 380,,Le Dernier Jaguar,07 au 14 février 2024,
79 728,,Le Royaume des abysses,21 au 28 février 2024,
207 894,15 350 000,Madame Web,14 au 21 février 2024,16 au 19 février 2024
209 546,,Daaaaaali !,07 au 14 février 2024,
9 584,,Les Carnets de Siegfried,06 au 13 mars 2024,
48 695,,L'Empire,21 au 28 février 2024,
20 877,,Chien de la casse,19 au 26 avril 2023,
14 474,,Inchallah un fils,06 au 13 mars 2024,
5 733,,The Sweet East,13 au 20 mars 2024,
7 945,,Vampire humaniste cherche suicidaire consentant,20 au 27 mars 2024,
89 353,,Les Choses humaines,01 au 8 décembre 2021,
33 121,,Le Successeur,21 au 28 février 2024,
33 572,,Chroniques de Téhéran,13 au 20 mars 2024,
1 209,,Rien ni personne,28 février au 6 mars 2024,
48 796,,Sleep,21 au 28 février 2024,
663 787,,Maison de Retraite,16 au 23 février 2022,
130 879,,Yannick,02 au 9 août 2023,
10 174,,Blue Giant,06 au 13 mars 2024,
219 098,17 473 540,Argylle,31 janvier au 7 février 2024,02 au 5 février 2024
238 040,10 651 884,The Gentlemen,05 au 12 février 2020,24 au 27 janvier 2020
282 292,,Je verrai toujours vos visages,29 mars au 5 avril 2023,
11 013,,Laissez-moi,20 au 27 mars 2024,
16 136,,La Jeune fille et les paysans,20 au 27 mars 2024,
207 212,10 005 000,Moonfall,09 au 16 février 2022,04 au 7 février 2022
52 962,,Vivants,14 au 21 février 2024,
5 318,,Eureka,28 février au 6 mars 2024,
266 863,12 453 275,Migration,06 au 13 décembre 2023,22 au 25 décembre 2023
4 110,,Mis Hermanos,13 au 20 mars 2024,
3 464,,Holly,06 au 13 mars 2024,
4 156,,Débâcle,28 février au 6 mars 2024,
87 482,,"Léo, la fabuleuse histoire de Léonard de Vinci",31 janvier au 7 février 2024,
292 081,,Boîte noire,08 au 15 septembre 2021,
2 091,,Tiger Stripes,13 au 20 mars 2024,
103 232,,Perfect Days,29 novembre au 6 décembre 2023,
250 148,14 279 529,Mystère à Venise,13 au 20 septembre 2023,15 au 18 septembre 2023
40 476,,La Bête,07 au 14 février 2024,
787 846,39 005 800,Wonka,13 au 20 décembre 2023,15 au 18 décembre 2023
151 200,11 575 000,Demon Slayer: Kimetsu No Yaiba – En route vers l'entraînement des piliers,21 au 28 février 2024,23 au 26 février 2024
38 635,,A Man,31 janvier au 7 février 2024,
188 920,,Le Livre des solutions,13 au 20 septembre 2023,
1 062,7 565 038,Cabrini,20 au 27 mars 2024,08 au 11 mars 2024
62 150,,L'Evénement,24 novembre au 1 décembre 2021,
874 683,,Qu'est-ce qu'on a tous fait au Bon Dieu ?,06 au 13 avril 2022,
19 143,,Au fil des saisons,21 au 28 février 2024,
78 880,,Les Passagers de la nuit,04 au 11 mai 2022,
53 400,,Le Théorème de Marguerite,01 au 8 novembre 2023,
137 335,,Inestimable,01 au 8 novembre 2023,
5 019,,Il n'y a pas d'ombre dans le désert,28 février au 6 mars 2024,
1 680 490,155 000 000,Barbie,19 au 26 juillet 2023,21 au 24 juillet 2023
121 678,,Toni en famille,06 au 13 septembre 2023,
306 073,,La Tresse,29 novembre au 6 décembre 2023,
1 753,,Dans la mêlée,28 février au 6 mars 2024,
418 140,23 253 655,Killers of the Flower Moon,18 au 25 octobre 2023,20 au 23 octobre 2023
31 266,,Le Molière imaginaire,14 au 21 février 2024,
329 408,,Chasse gardée,20 au 27 décembre 2023,
75 111,,Des hommes,02 au 9 juin 2021,
94 401,,La Passion de Dodin Bouffant,08 au 15 novembre 2023,
628 897,19 698 228,Wish - Asha et la bonne étoile,29 novembre au 6 décembre 2023,24 au 27 novembre 2023
872 669,,3 jours max,25 octobre au 1 novembre 2023,
112 355,,Complètement cramé !,01 au 8 novembre 2023,
220 327,,L'Amour et les Forêts,24 au 31 mai 2023,
118 770,,May December,24 au 31 janvier 2024,
59 266,,Le Consentement,11 au 18 octobre 2023,
110 011,,Le Procès Goldman,27 septembre au 4 octobre 2023,
696 823,30 002 735,En eaux très troubles,02 au 9 août 2023,04 au 7 août 2023
317 713,31 000 000,Le Secret de la cité perdue,20 au 27 avril 2022,25 au 28 mars 2022
424 007,,Une année difficile,18 au 25 octobre 2023,
15 669,,20 000 espèces d'abeilles,14 au 21 février 2024,
77 363,,Simple comme Sylvain,08 au 15 novembre 2023,
344 268,,Les SEGPA au ski,03 au 10 janvier 2024,
5 251,,Les Derniers Hommes,21 au 28 février 2024,
613 191,44 607 143,Hunger Games: la Ballade du serpent et de l'oiseau chanteur,15 au 22 novembre 2023,17 au 20 novembre 2023
18 130,,Green Border,07 au 14 février 2024,
122 868,,Opération Portugal 2: la vie de château,07 au 14 février 2024,
64 165,,Le Dernier des Juifs,24 au 31 janvier 2024,
189 754,2 355 000,Hypnotic,23 au 30 août 2023,12 au 15 mai 2023
20 443,,Master Gardener,05 au 12 juillet 2023,
136 003,,Amants,17 au 24 novembre 2021,
40 381,520 772,Past Lives – Nos vies d’avant,13 au 20 décembre 2023,09 au 12 juin 2023
23 621,,Vincent doit mourir,15 au 22 novembre 2023,
57 639,3 200 000,Winter Break,13 au 20 décembre 2023,10 au 13 novembre 2023
58 358,,L'Été dernier,13 au 20 septembre 2023,
9 404,,Universal Theory,21 au 28 février 2024,
46 627,4 868 370,Iron Claw,24 au 31 janvier 2024,22 au 25 décembre 2023
65 137,,Moi capitaine,03 au 10 janvier 2024,
464 003,,Second tour,25 octobre au 1 novembre 2023,
85 243,,L'Enlèvement,01 au 8 novembre 2023,
403 848,39 100 000,Morbius,30 mars au 6 avril 2022,01 au 4 avril 2022
711 192,,Les Trois Mousquetaires: Milady,13 au 20 décembre 2023,
180 735,,Les Vengeances de Maître Poutifard,28 juin au 5 juillet 2023,
764 419,20 638 887,Napoléon,22 au 29 novembre 2023,24 au 27 novembre 2023
1 007 159,,Les Trois Mousquetaires: D'Artagnan,05 au 12 avril 2023,
10 004,,Les Toutes Petites Créatures,07 au 14 février 2024,
382 349,17 410 552,Gran Turismo,09 au 16 août 2023,25 au 28 août 2023
26 508,,Little Girl Blue,15 au 22 novembre 2023,
4 421,,Walk Up,21 au 28 février 2024,
702 835,12 972 683,Le Garçon et le Héron,01 au 8 novembre 2023,08 au 11 décembre 2023
508 796,3 600 000,Babylon,18 au 25 janvier 2023,23 au 26 décembre 2022
46 091,,Je ne suis pas un héros,22 au 29 novembre 2023,
15 564,,They Shot The Piano Player,31 janvier au 7 février 2024,
263,11 419 975,Godzilla Minus One,06 au 13 décembre 2023,01 au 4 décembre 2023
58 007,2 217 010,She Said,23 au 30 novembre 2022,18 au 21 novembre 2022
59 453,,Mon héroïne,14 au 21 décembre 2022,
99 007,1 950 793,Reminiscence,25 août au 1 septembre 2021,20 au 23 août 2021
111 219,,Les Feuilles mortes,20 au 27 septembre 2023,
236,,Satoshi,28 février au 6 mars 2024,
350 564,,L'Abbé Pierre - Une vie de combats,08 au 15 novembre 2023,
239 733,25 030 225,Blue Beetle,16 au 23 août 2023,18 au 21 août 2023
262 507,14 079 512,The Creator,27 septembre au 4 octobre 2023,29 septembre 2023 au 2 octobre 2023
70 827,,"Monsieur, le Maire",01 au 8 novembre 2023,
88 083,13 450 240,Violent Night,30 novembre au 7 décembre 2022,02 au 5 décembre 2022
101 739,,Comme par magie,15 au 22 novembre 2023,
84 320,,Rien à Perdre,22 au 29 novembre 2023,
78 090,,Et la fête continue !,15 au 22 novembre 2023,
10 886,,"Rose, petite fée des fleurs",14 au 21 février 2024,
36 931,,Sur la branche,26 juillet au 2 août 2023,
15 574,,L’Homme d’argile,24 au 31 janvier 2024,
69 531,,Vermines,03 au 10 janvier 2024,
24 474,,Sous le tapis,19 au 26 juillet 2023,
2 654,,À l'intérieur,01 au 8 novembre 2023,
1 030,,Shikun,06 au 13 mars 2024,
47 251,,Captives,24 au 31 janvier 2024,
14 638,,Sick Of Myself,31 mai au 7 juin 2023,
139 989,,Dogman,27 septembre au 4 octobre 2023,
228 318,,Les SEGPA,20 au 27 avril 2022,
63 240,,L'Innocence,03 au 10 janvier 2024,
8 594,,Conann,29 novembre au 6 décembre 2023,
388 700,55 100 000,The Flash,14 au 21 juin 2023,16 au 19 juin 2023
32 179,,Les Herbes sèches,12 au 19 juillet 2023,
49 322,11 735 000,La Couleur Pourpre,24 au 31 janvier 2024,29 décembre au 1 janvier 2024
726,,Blue Summer (A Song Sung Blue),20 au 27 mars 2024,
149 707,,Flo,01 au 8 novembre 2023,
552 105,27 700 000,Aquaman et le Royaume perdu,20 au 27 décembre 2023,22 au 25 décembre 2023
29 163,,Le Ravissement,11 au 18 octobre 2023,
32 203,,Race for Glory: Audi vs Lancia,07 au 14 février 2024,
486 242,,"Simone, le voyage du siècle",12 au 19 octobre 2022,
367 332,2 261 110,The Fabelmans,22 février au 1 mars 2023,25 au 28 novembre 2022
132 121,1 011 980,Everything Everywhere All at Once,31 août au 7 septembre 2022,01 au 4 avril 2022
198 247,,Mes très chers enfants,15 au 22 décembre 2021,
31 224,4 407 750,X - Le film,02 au 9 novembre 2022,18 au 21 mars 2022
378 764,34 600 000,Equalizer 3,30 août au 6 septembre 2023,01 au 4 septembre 2023
369 007,47 000 000,The Marvels,08 au 15 novembre 2023,10 au 13 novembre 2023
101 291,,Le Clan,18 au 25 janvier 2023,
27 224,,Linda veut du poulet !,18 au 25 octobre 2023,
426 818,29 500 000,Élémentaire,21 au 28 juin 2023,16 au 19 juin 2023
221 196,,Un coup de dés,24 au 31 janvier 2024,
399,,Nome,13 au 20 mars 2024,
685 878,,OSS 117: Alerte rouge en Afrique noire,04 au 11 août 2021,
1 882 686,,Astérix et Obélix : L'Empire du milieu,01 au 8 février 2023,
550 808,120 663 589,Spider-Man : Across The Spider-Verse,31 mai au 7 juin 2023,02 au 5 juin 2023
63 782,19 680 879,Sound of Freedom,15 au 22 novembre 2023,07 au 10 juillet 2023
502 167,12 420 000,Le Chat Potté 2 : la dernière quête,07 au 14 décembre 2022,23 au 26 décembre 2022
35 015,,La Voie Royale,09 au 16 août 2023,
1 550,,Irréductible,05 au 12 janvier 2022,
82 375,6 500 000,Le Dernier Voyage du Demeter,23 au 30 août 2023,11 au 14 août 2023
100 146,,Misanthrope,26 avril au 3 mai 2023,
541 102,,10 jours sans maman,19 au 26 février 2020,
930 141,54 688 347,Mission: Impossible – Dead Reckoning Partie 1,12 au 19 juillet 2023,14 au 17 juillet 2023
226 686,3 986 134,Smile,28 septembre au 5 octobre 2022,04 au 7 novembre 2022
215 443,,Un métier sérieux,13 au 20 septembre 2023,
65 064,1 008 819,The Whale,08 au 15 mars 2023,23 au 26 décembre 2022
336 793,6 350 000,The King's Man : Première Mission,29 décembre 2021 au 5 janvier 2022,24 au 27 décembre 2021
775 467,71 000 000,Les Eternels,03 au 10 novembre 2021,05 au 8 novembre 2021
110 381,17 000 000,Là où chantent les écrevisses,17 au 24 août 2022,15 au 18 juillet 2022
33 469,,Gueules noires,15 au 22 novembre 2023,
126 252,,Barbaque,27 octobre au 3 novembre 2021,
491 067,30 125 000,Bullet Train,03 au 10 août 2022,05 au 8 août 2022
493 993,80 001 720,Five Nights At Freddy's,08 au 15 novembre 2023,27 au 30 octobre 2023
40 869,,Dernière nuit à Milan,07 au 14 juin 2023,
144 773,5 084 573,Priscilla,03 au 10 janvier 2024,03 au 6 novembre 2023
44 625,3 250 000,SISU - De l'Or et du Sang,21 au 28 juin 2023,28 avril 2023 au 1 mai 2023
14 004,,Fermer les yeux,16 au 23 août 2023,
96 295,,The Old Oak,25 octobre au 1 novembre 2023,
2 115,,Nuit Noire en Anatolie,14 au 21 février 2024,
57 593,,Amelia's Children,31 janvier au 7 février 2024,
2 739 848,134 100 226,Avatar : la voie de l'eau,14 au 21 décembre 2022,16 au 19 décembre 2022
948 378,20 200 000,Tenet,26 août au 2 septembre 2020,04 au 7 septembre 2020
100 875,19 051 442,The Woman King,28 septembre au 5 octobre 2022,16 au 19 septembre 2022
11 869,,Avant l’effondrement,19 au 26 avril 2023,
24 444,,De nos frères blessés,23 au 30 mars 2022,
1 089 875,60 000 000,Indiana Jones et le Cadran de la Destinée,28 juin au 5 juillet 2023,30 juin 2023 au 3 juillet 2023
464 102,32 603 336,La Nonne : La Malédiction de Sainte Lucie,13 au 20 septembre 2023,08 au 11 septembre 2023
1 866 914,146 361 865,"Super Mario Bros, le film",05 au 12 avril 2023,07 au 10 avril 2023
3 551,,Double foyer,21 au 28 février 2024,
592 681,,Novembre,05 au 12 octobre 2022,
96 667,,La Nuit du 12,13 au 20 juillet 2022,
1 165 588,128 500 000,The Batman,02 au 9 mars 2022,04 au 7 mars 2022
100 526,,Coupez!,18 au 25 mai 2022,
277,,Diógenes,13 au 20 mars 2024,
58 679,,Une nuit,05 au 12 juillet 2023,
427 391,,Mon Crime,08 au 15 mars 2023,
1 140 846,67 017 410,Fast & Furious X,17 au 24 mai 2023,19 au 22 mai 2023
1 323 124,114 000 000,Les Gardiens de la Galaxie 3,03 au 10 mai 2023,05 au 8 mai 2023
315 046,18 309 301,Saw X,25 octobre au 1 novembre 2023,29 septembre 2023 au 2 octobre 2023
179 786,,Sans filtre,28 septembre au 5 octobre 2022,
267 041,,Bernadette,04 au 11 octobre 2023,
1 529 608,124 000 000,Top Gun: Maverick,25 mai au 1 juin 2022,27 au 30 mai 2022
124 279,9 004 957,Le Menu,23 au 30 novembre 2022,18 au 21 novembre 2022
3 555,,L'Hiver d'Edmond et Lucy,08 au 15 novembre 2023,
298 308,,La Chambre des merveilles,15 au 22 mars 2023,
20 761,,Le Château Solitaire dans le Miroir,06 au 13 septembre 2023,
423 667,,La Vie pour de vrai,19 au 26 avril 2023,
91 498,,Mascarade,26 octobre au 2 novembre 2022,
332 971,,En corps,30 mars au 6 avril 2022,
38 711,1 900 000,Une robe pour Mrs. Harris,02 au 9 novembre 2022,15 au 18 juillet 2022
38 094,,Aftersun,01 au 8 février 2023,
95 617,2 876 000,Trois Mille ans à t’attendre,24 au 31 août 2022,26 au 29 août 2022
142 841,,Revoir Paris,07 au 14 septembre 2022,
128 852,,Acide,20 au 27 septembre 2023,
71 825,,Hawaii,10 au 17 mai 2023,
420 168,37 205 784,Donjons & Dragons : L'Honneur des voleurs,12 au 19 avril 2023,31 mars 2023 au 3 avril 2023
175 085,,Jeff Panacloc - À la poursuite de Jean-Marc,20 au 27 décembre 2023,
13 094,,Stars At Noon,14 au 21 juin 2023,
109 685,14 127 170,Knock at the Cabin,01 au 8 février 2023,03 au 6 février 2023
125 566,,Les Algues vertes,12 au 19 juillet 2023,
63 084,,Sexygénaires,14 au 21 juin 2023,
64 039,,Le Tourbillon de la vie,21 au 28 décembre 2022,
53 830,28 650 000,"Mean Girls, lolita malgré moi",10 au 17 janvier 2024,12 au 15 janvier 2024
250 360,,Les Petites victoires,01 au 8 mars 2023,
15 437,,Disco Boy,03 au 10 mai 2023,
81 100,,Alibi.com 2,01 au 8 février 2023,
1 912,,Le Vourdalak,25 octobre au 1 novembre 2023,
39 384,,La Montagne,01 au 8 février 2023,
68 324,,Madeleine Collins,22 au 29 décembre 2021,
14 171,,Les Chambres rouges,17 au 24 janvier 2024,
96 679,11 797 155,Night Swim,03 au 10 janvier 2024,05 au 8 janvier 2024
44 535,,Sirocco et le royaume des courants d'air,13 au 20 décembre 2023,
117 498,790 000,Asteroid City,21 au 28 juin 2023,16 au 19 juin 2023
343 596,30 500 000,Elvis,22 au 29 juin 2022,24 au 27 juin 2022
24 408,,Dalva,22 au 29 mars 2023,
288 762,24 082 475,Le Manoir hanté,26 juillet au 2 août 2023,28 au 31 juillet 2023
18 033,,Avant que les flammes ne s’éteignent,15 au 22 novembre 2023,
4 797,,L'Homme debout,17 au 24 mai 2023,
45 576,,38°5 quai des orfèvres,21 au 28 juin 2023,
26 645,3 242,Le Diable n'existe pas,01 au 8 décembre 2021,14 au 17 mai 2021
54 361,15 002 770,Le Challenge,21 au 28 juin 2023,23 au 26 juin 2023
90 037,,Un silence,10 au 17 janvier 2024,
35 283,,Le Petit Blond de la Casbah,15 au 22 novembre 2023,
181 032,5 001 705,Suzume,12 au 19 avril 2023,14 au 17 avril 2023
4 049,,Les Petits singuliers,07 au 14 février 2024,
224 705,44 000 000,Nope,10 au 17 août 2022,22 au 25 juillet 2022
438 142,,Sur les chemins noirs,22 au 29 mars 2023,
422,,Elaha,14 au 21 février 2024,
127 499,,Marie-Line et son juge,11 au 18 octobre 2023,
154 647,8 039 021,Expend4bles,11 au 18 octobre 2023,22 au 25 septembre 2023
336 133,12 800 000,Mort sur le Nil,09 au 16 février 2022,11 au 14 février 2022
26 073,,Si seulement je pouvais hiberner,10 au 17 janvier 2024,
411 048,73 817 950,John Wick : Chapitre 4,22 au 29 mars 2023,24 au 27 mars 2023
79 426,,Farang,28 juin au 5 juillet 2023,
87 446,,Fumer fait tousser,30 novembre au 7 décembre 2022,
147 706,,Opération Portugal,23 au 30 juin 2021,
103,,Les Poussières,20 au 27 mars 2024,
99 482,2 056 919,Les Banshees d'Inisherin,28 décembre 2022 au 4 janvier 2023,04 au 7 novembre 2022
38 596,,Un coup de maître,09 au 16 août 2023,
109 081,,Des mains en or,07 au 14 juin 2023,
46 878,,Reality,16 au 23 août 2023,
39 142,,Relic,07 au 14 octobre 2020,
582 814,95 400 000,La Petite sirène,24 au 31 mai 2023,26 au 29 mai 2023
146 114,,"Bonnard, Pierre et Marthe",10 au 17 janvier 2024,
1 480,,L'Étoile filante,31 janvier au 7 février 2024,
147 221,4 820 000,Le Dernier duel,13 au 20 octobre 2021,15 au 18 octobre 2021
483 381,,Bac Nord,18 au 25 août 2021,
281 644,28 007 544,Ninja Turtles: Teenage Years,09 au 16 août 2023,04 au 7 août 2023
646 799,22 764 354,La Pat' Patrouille : La Super Patrouille Le Film,11 au 18 octobre 2023,29 septembre 2023 au 2 octobre 2023
80 338,,Kina & Yuk : renards de la banquise,03 au 10 janvier 2024,
56 893,3 007 657,Coup de théâtre,14 au 21 septembre 2022,16 au 19 septembre 2022
27 500,,Le Ciel rouge,06 au 13 septembre 2023,
280 226,44 000 000,S.O.S. Fantômes : L'Héritage,01 au 8 décembre 2021,19 au 22 novembre 2021
45 029,,Jeanne du Barry,10 au 17 mai 2023,
41 734,,Tromperie,29 décembre 2021 au 5 janvier 2022,
153 927,,The Father,26 mai au 2 juin 2021,
218 070,21 116 360,Dragon Ball Super: Super Hero,05 au 12 octobre 2022,19 au 22 août 2022
136 339,23 370 000,Black Phone,22 au 29 juin 2022,24 au 27 juin 2022
34 062,,How to Have Sex,15 au 22 novembre 2023,
30 964,,Magnificat,21 au 28 juin 2023,
82 734,,De Grandes espérances,22 au 29 mars 2023,
148 446,,Désigné Coupable,14 au 21 juillet 2021,
74 066,,As bestas,20 au 27 juillet 2022,
676 090,90 100 000,Venom: Let There Be Carnage,20 au 27 octobre 2021,01 au 4 octobre 2021
230 106,,Illusions Perdues,20 au 27 octobre 2021,
15 732,,L'Arche de Noé,22 au 29 novembre 2023,
149 025,8 309 007,Un homme en colère,16 au 23 juin 2021,07 au 10 mai 2021
18 599,,La Beauté du geste,30 août au 6 septembre 2023,
600 444,,Adieu Les Cons,21 au 28 octobre 2020,
124 644,,Nouveau départ,27 septembre au 4 octobre 2023,
26 466,,Dream Scenario,03 au 10 janvier 2024,
151 272,19 353 213,Don't Worry Darling,21 au 28 septembre 2022,23 au 26 septembre 2022
35 833,,Nicky Larson - City Hunter: Angel Dust,24 au 31 janvier 2024,
18 262,,La Maison,16 au 23 novembre 2022,
100 349,,Visions,06 au 13 septembre 2023,
72 623,,Coup de chance,27 septembre au 4 octobre 2023,
102 659,,Hommes au bord de la crise de nerfs,25 mai au 1 juin 2022,
133 330,,Incroyable mais vrai,15 au 22 juin 2022,
13 872,,Mon ami robot,03 au 10 janvier 2024,
72 930,,Les Complices,12 au 19 avril 2023,
222 130,,Les Choses simples,22 février au 1 mars 2023,
228 476,,En Attendant Bojangles,05 au 12 janvier 2022,
53 656,,Rien à foutre,02 au 9 mars 2022,
1 173 587,23 760 000,Tous en scène 2,22 au 29 décembre 2021,24 au 27 décembre 2021
41 119,,16 ans,04 au 11 janvier 2023,
27 911,,L'Établi,05 au 12 avril 2023,
52 377,,Ma langue au chat,26 avril au 3 mai 2023,
88 397,,Making Of,10 au 17 janvier 2024,
302 030,,Couleurs de l'incendie,09 au 16 novembre 2022,
152 695,,Reste un peu,16 au 23 novembre 2022,
192 906,,L'Innocent,12 au 19 octobre 2022,
54 381,,Le Bleu du Caftan,22 au 29 mars 2023,
3 217,,La Grâce,24 au 31 janvier 2024,
7 536,,Les Lueurs d'Aden,31 janvier au 7 février 2024,
98 869,1 020 177,Tár,25 janvier au 1 février 2023,28 au 31 octobre 2022
28 048,,Sous le vent des Marquises,31 janvier au 7 février 2024,
35 019,2 826 793,Beau Is Afraid,26 avril au 3 mai 2023,21 au 24 avril 2023
10 199,,La Vénus d'argent,22 au 29 novembre 2023,
271 193,,Plancha,26 octobre au 2 novembre 2022,
155 547,,Armageddon Time,09 au 16 novembre 2022,
260,,Follia,20 au 27 septembre 2023,
279 606,,Sage-Homme,15 au 22 mars 2023,
68 373,,Annie Colère,30 novembre au 7 décembre 2022,
102 272,,The Son,01 au 8 mars 2023,
90 106,,De son vivant,24 novembre au 1 décembre 2021,
4 869,,Toi non plus tu n'as rien vu,08 au 15 mars 2023,
107 051,,Empire Of Light,01 au 8 mars 2023,
9 440,,The Pod Generation,25 octobre au 1 novembre 2023,
256 753,,10 jours encore sans maman,12 au 19 avril 2023,
660 421,,Miraculous - le film,05 au 12 juillet 2023,
187 507,10 431 720,La Main,26 juillet au 2 août 2023,28 au 31 juillet 2023
142 309,2 958 000,Nightmare Alley,19 au 26 janvier 2022,17 au 20 décembre 2021
124 439,3 518 830,Retribution,23 au 30 août 2023,25 au 28 août 2023
142 402,,Les Enfants des autres,21 au 28 septembre 2022,
114 935,,Drunk,14 au 21 octobre 2020,
26 496,,La Chimère,06 au 13 décembre 2023,
80 440,6 700 000,Nobody,02 au 9 juin 2021,26 au 29 mars 2021
177 526,10 500 000,West Side Story,08 au 15 décembre 2021,10 au 13 décembre 2021
11 515,,Le Club des miracles,24 au 31 janvier 2024,
526 906,27 000 000,"Encanto, la fantastique famille Madrigal",24 novembre au 1 décembre 2021,26 au 29 novembre 2021
49 532,,Le Sommet des Dieux,22 au 29 septembre 2021,
88 523,,Titane,14 au 21 juillet 2021,
91 786,,Vers un avenir radieux,28 juin au 5 juillet 2023,
187 043,12 328 361,65 - la Terre d'avant,15 au 22 mars 2023,10 au 13 mars 2023
267 284,,Goliath,09 au 16 mars 2022,
50 543,,Mandibules,26 mai au 2 juin 2021,
370,,Krisha et le Maître de la forêt,17 au 24 janvier 2024,
26 273,,Marinette,07 au 14 juin 2023,
206 646,,La Petite,20 au 27 septembre 2023,
167 511,,Iris et les hommes,03 au 10 janvier 2024,
113 153,9 713 228,La Voie de la justice,29 janvier au 5 février 2020,10 au 13 janvier 2020
264 818,26 497 600,L'Exorciste - Dévotion,11 au 18 octobre 2023,06 au 9 octobre 2023
100 308,,Veuillez nous excuser pour la gêne occasionnée,09 au 16 août 2023,
31 016,,La Fille de son père,20 au 27 décembre 2023,
33 659,,Apaches,29 mars au 5 avril 2023,
235 926,24 504 315,Evil Dead Rise,19 au 26 avril 2023,21 au 24 avril 2023
60 109,,Quand tu seras grand,26 avril au 3 mai 2023,
62 842,,La Fiancée du poète,11 au 18 octobre 2023,
19 222,,"Stella, une vie allemande",17 au 24 janvier 2024,
271,,Manjummel Boys,06 au 13 mars 2024,
53 677,,Les Intranquilles,29 septembre au 6 octobre 2021,
12 196,,Normale,05 au 12 avril 2023,
176 153,8 546 985,Ticket To Paradise,05 au 12 octobre 2022,04 au 7 novembre 2022
255 537,,Tout Simplement Noir,08 au 15 juillet 2020,
67 974,,À la belle étoile,22 février au 1 mars 2023,
41 957,,Interdit aux chiens et aux Italiens,25 janvier au 1 février 2023,
23 381,,Mes rendez-vous avec Leo,30 novembre au 7 décembre 2022,
481 173,71 400 000,Shang-Chi et la Légende des Dix Anneaux,01 au 8 septembre 2021,03 au 6 septembre 2021
2 867 515,253 000 000,Spider-Man: No Way Home,15 au 22 décembre 2021,17 au 20 décembre 2021
195 408,,Un autre monde,16 au 23 février 2022,
9 758,,À mon seul désir,05 au 12 avril 2023,
58,,The Mercy Tree - Drzewo Miłosierdzia -,13 au 20 mars 2024,
163,,Roquette et les Mal-Aimés,07 au 14 février 2024,
12 386,,Les Tournesols sauvages,02 au 9 août 2023,
5 764,,La Traversée,29 septembre au 6 octobre 2021,
116 736,,Soudain seuls,06 au 13 décembre 2023,
192 422,,La Syndicaliste,01 au 8 mars 2023,
126 348,,Ténor,04 au 11 mai 2022,
119 238,,Comme un prince,17 au 24 janvier 2024,
11 227,,Passages,28 juin au 5 juillet 2023,
1 299 065,143 370 000,Jurassic World: Le Monde d'après,08 au 15 juin 2022,10 au 13 juin 2022
95 610,,Wahou !,07 au 14 juin 2023,
140 144,,Omar la fraise,24 au 31 mai 2023,
193 402,,Greenland - Le dernier refuge,05 au 12 août 2020,
197 450,,The French Dispatch,27 octobre au 3 novembre 2021,
24 277,6 444 896,Amsterdam,26 octobre au 2 novembre 2022,07 au 10 octobre 2022
1 384 858,56 007 372,Mourir peut attendre,06 au 13 octobre 2021,08 au 11 octobre 2021
211 995,,Permis de construire,09 au 16 mars 2022,
25 953,,Les Colons,20 au 27 décembre 2023,
2 047,,Les Aventures d'un mathématicien,01 au 8 décembre 2021,
522 494,24 791 624,L'Appel de la forêt,19 au 26 février 2020,21 au 24 février 2020
91 813,,Pour l’honneur,03 au 10 mai 2023,
75 871,10 306 272,Thanksgiving : la semaine de l'horreur,29 novembre au 6 décembre 2023,17 au 20 novembre 2023
8 261,,La Guerre des Dieux - New Gods: Yang Jian,23 au 30 août 2023,
257 163,,Jack Mimoun et les secrets de Val Verde,12 au 19 octobre 2022,
118 783,,Le Temps D’Aimer,29 novembre au 6 décembre 2023,
451 052,61 045 464,Transformers: Rise Of The Beasts,07 au 14 juin 2023,09 au 12 juin 2023
419 824,30 002 525,Les Trolls 3,18 au 25 octobre 2023,17 au 20 novembre 2023
12 916,,Le Bonheur Est Pour Demain,31 janvier au 7 février 2024,
62 664,,Les Inséparables,13 au 20 décembre 2023,
18 915,,Les Pires,07 au 14 décembre 2022,
379 133,21 300 000,Cruella,23 au 30 juin 2021,28 au 31 mai 2021
1 301 589,70 000 000,Fast & Furious 9,14 au 21 juillet 2021,25 au 28 juin 2021
1 150 926,143 000 000,Thor: Love And Thunder,13 au 20 juillet 2022,08 au 11 juillet 2022
180 034,,Une belle course,21 au 28 septembre 2022,
105 841,16 510 000,Old,21 au 28 juillet 2021,23 au 26 juillet 2021
174 093,28 365 416,Free Guy,11 au 18 août 2021,13 au 16 août 2021
29 347,,Les Huit Montagnes,21 au 28 décembre 2022,
218 120,30 429 860,M3GAN,28 décembre 2022 au 4 janvier 2023,06 au 9 janvier 2023
44 873,,Super-bourrés,30 août au 6 septembre 2023,
6 565,,Augure,29 novembre au 6 décembre 2023,
16 851,,Le Grand magasin,06 au 13 décembre 2023,
19 030,,Close,26 octobre au 2 novembre 2022,
1 692 183,181 339 761,Black Panther: Wakanda Forever,09 au 16 novembre 2022,11 au 14 novembre 2022
178 545,,Notre tout petit petit mariage,26 avril au 3 mai 2023,
21 049,,La Dernière reine,19 au 26 avril 2023,
104 057,,Les Amandiers,16 au 23 novembre 2022,
103 303,96 200,Decision To Leave,29 juin au 6 juillet 2022,14 au 17 octobre 2022
155 555,9 006 368,L'Exorciste du Vatican,10 au 17 mai 2023,14 au 17 avril 2023
189 578,,La Traversée,29 juin au 6 juillet 2022,
14 547,,La Tête froide,17 au 24 janvier 2024,
27 968,,àma Gloria,30 août au 6 septembre 2023,
71 102,,Bonne conduite,29 mars au 5 avril 2023,
155 491,,Joyeuse retraite 2,20 au 27 juillet 2022,
38 761,2 258 562,Bones and All,23 au 30 novembre 2022,25 au 28 novembre 2022
6 517,,La Colline aux cailloux,11 au 18 octobre 2023,
88 788,,Bâtiment 5,06 au 13 décembre 2023,
33 488,,The First Slam Dunk,26 juillet au 2 août 2023,
1 038,,Sages-femmes,30 août au 6 septembre 2023,
163 496,,Le Royaume de Naya,29 mars au 5 avril 2023,
114 592,,La Fracture,27 octobre au 3 novembre 2021,
20 558,,La Tour,08 au 15 février 2023,
306 107,33 013 036,Insidious: The Red Door,05 au 12 juillet 2023,07 au 10 juillet 2023
955 650,44 155 000,Uncharted,16 au 23 février 2022,18 au 21 février 2022
19 015,,Pacifiction - Tourment sur les îles,09 au 16 novembre 2022,
125 027,503 000,Nomadland,09 au 16 juin 2021,19 au 22 février 2021
52 681,,Une affaire d'honneur,03 au 10 janvier 2024,
100 254,,À plein temps,16 au 23 mars 2022,
24 125,2 425 706,Dumb Money,29 novembre au 6 décembre 2023,22 au 25 septembre 2023
80 541,,Divertimento,25 janvier au 1 février 2023,
40 106,,Le Lycéen,30 novembre au 7 décembre 2022,
61 469,,Les Têtes givrées,08 au 15 février 2023,
66 761,,Annette,14 au 21 juillet 2021,
45 320,680 000,Promising Young Woman,26 mai au 2 juin 2021,25 au 28 décembre 2020
150 204,,The Deep House,30 juin au 7 juillet 2021,
130 477,,Délicieux,08 au 15 septembre 2021,
109 154,10 117 806,Demon Slayer : Kimetsu no Yaiba - En route pour le village des forgerons,22 février au 1 mars 2023,03 au 6 mars 2023
11 831,,Le Monde après nous,20 au 27 avril 2022,
150 419,,Les Volets verts,24 au 31 août 2022,
210 409,,Pattie et la colère de Poséidon,25 janvier au 1 février 2023,
15 718,,Un monde,26 janvier au 2 février 2022,
9 833,,Le Syndrome des amours passées,25 octobre au 1 novembre 2023,
2 584,,Poisson rouge,27 septembre au 4 octobre 2023,
15 089,,Les Meutes,19 au 26 juillet 2023,
440 689,80 000 000,Black Widow,14 au 21 juillet 2021,09 au 12 juillet 2021
35 572,,Les Âmes sœurs,12 au 19 avril 2023,
23 596,,La Nuée,16 au 23 juin 2021,
262 525,30 111 158,Shazam! La Rage des Dieux,29 mars au 5 avril 2023,17 au 20 mars 2023
41 841,,Les Chevaliers du Zodiaque,24 au 31 mai 2023,
12 683,,La Vie rêvée de Miss Fran,10 au 17 janvier 2024,
41 397,,Neneh Superstar,25 janvier au 1 février 2023,
75 109,3 820 000,Firestarter,01 au 8 juin 2022,13 au 16 mai 2022
119 790,,Chronique d'une liaison passagère,14 au 21 septembre 2022,
5 741,,Petite soeur,06 au 13 octobre 2021,
205 447,,Kompromat,07 au 14 septembre 2022,
513 133,12 000 000,Matrix Resurrections,22 au 29 décembre 2021,24 au 27 décembre 2021
37 421,3 293 030,Men,08 au 15 juin 2022,20 au 23 mai 2022
60 051,,"Calamity, une enfance de Martha Jane Cannary",14 au 21 octobre 2020,
13 562,,Les Tourouges et les Toubleus,18 au 25 octobre 2023,
51 420,,La Famille Asada,25 janvier au 1 février 2023,
55 090,,L'Île rouge,31 mai au 7 juin 2023,
17 490,2 500 295,Une équipe de rêve,20 au 27 décembre 2023,17 au 20 novembre 2023
14 212,,Fragile,25 août au 1 septembre 2021,
256 516,26 500 000,The Suicide Squad,28 juillet au 4 août 2021,06 au 9 août 2021
67 470,4 202 386,Le Pire voisin au monde,01 au 8 février 2023,06 au 9 janvier 2023
52 886,1 100 000,Les Crimes du Futur,25 mai au 1 juin 2022,03 au 6 juin 2022
35 850,,La Passagère,28 décembre 2022 au 4 janvier 2023,
242 165,,Menteur,13 au 20 juillet 2022,
39 560,,Saint Omer,23 au 30 novembre 2022,
36 528,,Une histoire d’amour,12 au 19 avril 2023,
1 360 765,108 510 000,Les Minions 2 : Il était une fois Gru,06 au 13 juillet 2022,01 au 4 juillet 2022
137 676,12 000 000,The Northman,11 au 18 mai 2022,22 au 25 avril 2022
173 550,,Antoinette dans les Cévennes,16 au 23 septembre 2020,
35 145,,Corsage,14 au 21 décembre 2022,
713 308,18 271 625,Black Adam,19 au 26 octobre 2022,04 au 7 novembre 2022
151 276,,Presque,26 janvier au 2 février 2022,
56 107,,L'Origine du mal,05 au 12 octobre 2022,
1 987,,SHTTL,13 au 20 décembre 2023,
5 970,,Ma part de Gaulois,31 janvier au 7 février 2024,
23 855,,Freaks Out,30 mars au 6 avril 2022,
293 474,14 231 000,House of Gucci,24 novembre au 1 décembre 2021,26 au 29 novembre 2021
22 450,,Le Retour,12 au 19 juillet 2023,
23 152,,Vaincre ou mourir,07 au 14 décembre 2022,
137 684,93,Eté 85,15 au 22 juillet 2020,30 juillet 2021 au 2 août 2021
160 006,10 255 000,Mayday,25 janvier au 1 février 2023,13 au 16 janvier 2023
79 534,,L'Année du requin,03 au 10 août 2022,
814,,Le Pion du Général,21 au 28 février 2024,
31 800,,The Quiet Girl,12 au 19 avril 2023,
1 132 062,43 000 000,Les Animaux Fantastiques : les Secrets de Dumbledore,13 au 20 avril 2022,15 au 18 avril 2022
48 547,,Arrête avec tes mensonges,22 février au 1 mars 2023,
36 624,,En roue libre,29 juin au 6 juillet 2022,
61 457,,Juste ciel !,15 au 22 février 2023,
75 033,,France,25 août au 1 septembre 2021,
33 680,,La Conférence,19 au 26 avril 2023,
181 353,16 020 000,Downton Abbey II : Une nouvelle ère,27 avril au 4 mai 2022,20 au 23 mai 2022
10 433,,Scrapper,10 au 17 janvier 2024,
90 468,5 700 000,La Méthode Williams,01 au 8 décembre 2021,19 au 22 novembre 2021
45 784,,Mes frères et moi,05 au 12 janvier 2022,
72 216,,Youssef Salem a du succès,18 au 25 janvier 2023,
38 064,,Les Survivants,04 au 11 janvier 2023,
852 098,,Les Tuche 4,08 au 15 décembre 2021,
14 592,,Onoda - 10 000 nuits dans la jungle,21 au 28 juillet 2021,
106 776,,Benedetta,14 au 21 juillet 2021,
11 214,,Pleasure,20 au 27 octobre 2021,
1 105 921,58 370 007,Creed III,01 au 8 mars 2023,03 au 6 mars 2023
2 905,,Irréversible - Inversion Intégrale,26 août au 2 septembre 2020,
256 355,,Effacer l’historique,26 août au 2 septembre 2020,
43 573,2 607 665,Inside,06 au 13 septembre 2023,22 au 25 septembre 2023
456 751,,Tirailleurs,04 au 11 janvier 2023,
735 356,105 500 000,Ant-Man et la Guêpe : Quantumania,15 au 22 février 2023,17 au 20 février 2023
408 803,,Eiffel,13 au 20 octobre 2021,
665 476,24 010 000,Conjuring 3 : sous l'emprise du diable,09 au 16 juin 2021,04 au 7 juin 2021
261 930,,Adieu Monsieur Haffmann,12 au 19 janvier 2022,
126 797,4 515 000,Cry Macho,10 au 17 novembre 2021,17 au 20 septembre 2021
35 020,,L'Astronaute,15 au 22 février 2023,
228 844,48 385 000,Sans un bruit 2,16 au 23 juin 2021,28 au 31 mai 2021
34 918,,Le Processus de paix,14 au 21 juin 2023,
12 118,,Falcon Lake,07 au 14 décembre 2022,
153 906,,La Conspiration du Caire,26 octobre au 2 novembre 2022,
48 971,,Drive My Car,18 au 25 août 2021,
9 222,,Club Zero,27 septembre au 4 octobre 2023,
116 871,1 249 225,Licorice Pizza,05 au 12 janvier 2022,31 décembre au 3 janvier 2022
1 438 287,185 000 000,Doctor Strange in the Multiverse of Madness,04 au 11 mai 2022,06 au 9 mai 2022
5 410,,Le Prix du passage,12 au 19 avril 2023,
73 581,,Avec amour et acharnement,31 août au 7 septembre 2022,
462,,Mambar Pierrette,31 janvier au 7 février 2024,
30 866,,Pour la France,08 au 15 février 2023,
23 509,,Limbo,12 au 19 juillet 2023,
20 495,,La Cour des miracles,28 septembre au 5 octobre 2022,
42 627,,Le Peuple Loup,20 au 27 octobre 2021,
120 111,,Lui,27 octobre au 3 novembre 2021,
24 402,,Le Retour des hirondelles,08 au 15 février 2023,
11 449,,The Innocents,09 au 16 février 2022,
64 286,,Les Folies fermières,11 au 18 mai 2022,
142 412,8 700 000,Ambulance,23 au 30 mars 2022,08 au 11 avril 2022
233 008,,Un homme heureux,15 au 22 février 2023,
464 821,44 447 270,Scream VI,08 au 15 mars 2023,10 au 13 mars 2023
227 057,,Tempête,21 au 28 décembre 2022,
70 112,,En même temps,06 au 13 avril 2022,
385 394,4 680 124,Le Cas Richard Jewell,19 au 26 février 2020,13 au 16 décembre 2019
4 060,,Levante,06 au 13 décembre 2023,
101 134,12 356 486,Le Croque-mitaine,31 mai au 7 juin 2023,02 au 5 juin 2023
24 397,,Carmen,14 au 21 juin 2023,
4 325,,La Légende du roi crabe,23 février au 2 mars 2022,
53 196,,Le Chêne,23 février au 2 mars 2022,
81 883,,Les Olympiades,03 au 10 novembre 2021,
3 339,,La Course au miel,22 au 29 novembre 2023,
307 587,,Les Déguns 2,26 juillet au 2 août 2023,
15 054,,L'Air de la mer rend libre,04 au 11 octobre 2023,
23,,Entre nous,19 au 26 juillet 2023,
170 382,,Les Cyclades,11 au 18 janvier 2023,
13 176,,Petit Jésus,12 au 19 juillet 2023,
45 633,,Burning Days,26 avril au 3 mai 2023,
2 630,,Le Gang des bois du temple,06 au 13 septembre 2023,
15 017,,Testament,22 au 29 novembre 2023,
16 107,,5 hectares,03 au 10 janvier 2024,
20 088,,L'Arbre aux papillons d'or,20 au 27 septembre 2023,
482 715,51 000 000,Buzz l'éclair,22 au 29 juin 2022,17 au 20 juin 2022
78 717,,Yo Mama,05 au 12 juillet 2023,
38 549,,Le Cours de la vie,10 au 17 mai 2023,
101 542,,Enquête sur un scandale d'état,09 au 16 février 2022,
73 784,,Frère et soeur,18 au 25 mai 2022,
12 629,,Tu choisiras la vie,25 janvier au 1 février 2023,
1 204,,Assaut,12 au 19 juillet 2023,
12 018,,Le Capitaine Volkonogov s'est échappé,29 mars au 5 avril 2023,
145 097,,La Brigade,23 au 30 mars 2022,
135 483,5 120 000,Stillwater,22 au 29 septembre 2021,30 juillet 2021 au 2 août 2021
575 182,9 323 267,One Piece Film - Red,10 au 17 août 2022,04 au 7 novembre 2022
595 211,,Aline,10 au 17 novembre 2021,
37 548,,Le Grand cirque,15 au 22 février 2023,
271 139,,Le Nouveau Jouet,19 au 26 octobre 2022,
96 861,,La Maison du mal,19 au 26 juillet 2023,
199 085,675 027,Le Loup et le lion,13 au 20 octobre 2021,04 au 7 février 2022
11 314,,Goodbye Julia,08 au 15 novembre 2023,
24 517,,Chère Léa,15 au 22 décembre 2021,
31,,Seule : les dossiers Silvercloud,08 au 15 mars 2023,
284 661,34 200 000,Jungle Cruise,28 juillet au 4 août 2021,30 juillet 2021 au 2 août 2021
249 345,,Présidents,30 juin au 7 juillet 2021,
147 188,,Le Visiteur du futur,07 au 14 septembre 2022,
67 515,,Julie (en 12 chapitres),13 au 20 octobre 2021,
200 047,,La Guerre des Lulus,18 au 25 janvier 2023,
35 039,,Un beau matin,05 au 12 octobre 2022,
34 089,1 130 675,Terrifier 2,11 au 18 janvier 2023,04 au 7 novembre 2022
1 351,,Animals,15 au 22 février 2023,
210 444,,Jumeaux mais pas trop,28 septembre au 5 octobre 2022,
61 510,,Un petit Miracle,25 janvier au 1 février 2023,
57 763,7 175 000,Un talent en or massif,20 au 27 avril 2022,22 au 25 avril 2022
26 007,,Gagarine,23 au 30 juin 2021,
515 381,39 119 861,En avant,04 au 11 mars 2020,06 au 9 mars 2020
7 514,258 438,Marcel le Coquillage (avec ses chaussures),14 au 21 juin 2023,01 au 4 juillet 2022
459 566,13 148 340,La Pat’ Patrouille - Le film,11 au 18 août 2021,20 au 23 août 2021
14 066,,Fremont,06 au 13 décembre 2023,
10 913,,Le Marchand de sable,15 au 22 février 2023,
40 755,,Princesse Dragon,15 au 22 décembre 2021,
8 324,,Le Paradis,10 au 17 mai 2023,
1 547,,Champagne !,20 au 27 avril 2022,
28 720,,À contretemps,05 au 12 juillet 2023,
21 941,,Entre les lignes,04 au 11 octobre 2023,
56 502,,La Page blanche,31 août au 7 septembre 2022,
3 847,,Trenque Lauquen - Partie 1,03 au 10 mai 2023,
24 890,,C’est mon homme,05 au 12 avril 2023,
29 840,,About Kim Sohee,05 au 12 avril 2023,
576 138,,Super-héros malgré lui,02 au 9 février 2022,
55 112,,"Katak, le brave béluga",25 octobre au 1 novembre 2023,
3 316,,"Blackbird, Blackberry",13 au 20 décembre 2023,
18 899,,Les Harkis,12 au 19 octobre 2022,
10 080,,Entre les vagues,16 au 23 mars 2022,
30 520,,Les Goûts et les couleurs,22 au 29 juin 2022,
302,,Vaillante,17 au 24 novembre 2021,
6 856,,Mad God,26 avril au 3 mai 2023,
103 555,,Un espion ordinaire,23 au 30 juin 2021,
14 210,,Anti-Squat,06 au 13 septembre 2023,
1 213,,Animal,17 au 24 janvier 2024,
51 314,,Last Night in Soho,27 octobre au 3 novembre 2021,
15 477,,Dounia et la princesse d’Alep,01 au 8 février 2023,
412 178,33 010 017,Birds of Prey et la fantabuleuse histoire de Harley Quinn,05 au 12 février 2020,07 au 10 février 2020
16 693,,Voyages en Italie,29 mars au 5 avril 2023,
212 555,30 600 000,Scream,12 au 19 janvier 2022,14 au 17 janvier 2022
32 452,,Les Cinq Diables,31 août au 7 septembre 2022,
110 288,5 275 000,Resident Evil : Bienvenue à Raccoon City,24 novembre au 1 décembre 2021,26 au 29 novembre 2021
168 930,19 542 227,Demon Slayer - Kimetsu no Yaiba - Le film : Le train de l'infini,26 mai au 2 juin 2021,23 au 26 avril 2021
54 238,1 645 800,Belle,29 décembre 2021 au 5 janvier 2022,14 au 17 janvier 2022
18 013,,The Sadness,06 au 13 juillet 2022,
30 009,,Les Nuits de Mashhad,13 au 20 juillet 2022,
3 611,,Pornomelancolia,21 au 28 juin 2023,
15 192,,L'école du bout du monde,11 au 18 mai 2022,
31 238,,Le Colibri,02 au 9 août 2023,
42 675,,Peter von Kant,06 au 13 juillet 2022,
75 915,23 260 790,Crazy Bear,15 au 22 mars 2023,24 au 27 février 2023
148 506,,Pourris gâtés,15 au 22 septembre 2021,
17 696,,Oranges sanguines,17 au 24 novembre 2021,
295 230,,Ducobu Président !,13 au 20 juillet 2022,
75 050,,Le Petit Nicolas - Qu’est-ce qu’on attend pour être heureux ?,12 au 19 octobre 2022,
7 433,,Déserts,20 au 27 septembre 2023,
4 073,,Comme une louve,20 au 27 septembre 2023,
79 463,,La Femme de Tchaïkovski,15 au 22 février 2023,
388 293,,Notre-Dame brûle,16 au 23 mars 2022,
64 763,,Les Bonnes étoiles,07 au 14 décembre 2022,
84 682,,Police,02 au 9 septembre 2020,
47 815,,Albatros,03 au 10 novembre 2021,
105 828,,Les Femmes du square,16 au 23 novembre 2022,
63 691,,Tout le monde aime Jeanne,07 au 14 septembre 2022,
179 709,,Belle et Sébastien : Nouvelle génération,19 au 26 octobre 2022,
81,,Capelito fait son cinéma,22 au 29 novembre 2023,
71 211,,Maria rêve,28 septembre au 5 octobre 2022,
2 991,,Les Filles vont bien,29 novembre au 6 décembre 2023,
45 873,,"Mon chat et moi, la grande aventure de Rroû",05 au 12 avril 2023,
47 695,,Emily,15 au 22 mars 2023,
26 797,,R.M.N.,19 au 26 octobre 2022,
25 480,,Hit The Road,27 avril au 4 mai 2022,
77 095,,Suprêmes,24 novembre au 1 décembre 2021,
651 309,62 504 105,Bad Boys For Life,22 au 29 janvier 2020,17 au 20 janvier 2020
23 027,,Le Voyage en pyjama,17 au 24 janvier 2024,
76 366,,Vesper Chronicles,17 au 24 août 2022,
49 668,,Placés,12 au 19 janvier 2022,
95 358,,Caravage,28 décembre 2022 au 4 janvier 2023,
37 725,,Vivre,28 décembre 2022 au 4 janvier 2023,
83 546,3 600 000,Blacklight,23 février au 2 mars 2022,11 au 14 février 2022
121 393,,"Arthur, malédiction",29 juin au 6 juillet 2022,
27 119,,Le Calendrier,01 au 8 décembre 2021,
771 015,58 018 348,Sonic le film,12 au 19 février 2020,14 au 17 février 2020
47 403,,Houria,15 au 22 mars 2023,
47 210,,EO,19 au 26 octobre 2022,
17 284,,Fifi,14 au 21 juin 2023,
41 242,,Leila et ses frères,24 au 31 août 2022,
35 841,,Adieu Paris,26 janvier au 2 février 2022,
70 137,7 000 000,Le Bal de l'Enfer,24 au 31 août 2022,26 au 29 août 2022
9 056,,La Bête Dans La Jungle,16 au 23 août 2023,
361 350,,Les Blagues de Toto 2 - classe verte,02 au 9 août 2023,
84 934,,"Zodi et Téhu, frères du désert",08 au 15 février 2023,
16 168,,Playlist,02 au 9 juin 2021,
5 023,,Animalia,09 au 16 août 2023,
16 932,,I’m Your Man,22 au 29 juin 2022,
12 617,,Sabotage,26 juillet au 2 août 2023,
66 577,,Nostalgia,04 au 11 janvier 2023,
347 583,14 818 624,Jujutsu Kaisen 0,16 au 23 mars 2022,18 au 21 mars 2022
8 556,,Babysitter,27 avril au 4 mai 2022,
36 242,2 185 000,"Love Again : un peu, beaucoup, passionnément",07 au 14 juin 2023,05 au 8 mai 2023
19 864,5 304 455,The Hunt,24 juin au 1 juillet 2020,20 au 23 mars 2020
14 595,,Ma France à moi,20 au 27 décembre 2023,
477 116,,Joyeuse retraite !,20 au 27 novembre 2019,
14 978,,L'Envol,11 au 18 janvier 2023,
91 906,,L'Immensita,11 au 18 janvier 2023,
13 930,,Lamb,29 décembre 2021 au 5 janvier 2022,
34 803,,Il Boemo,21 au 28 juin 2023,
15 360,,Trois nuits par semaine,09 au 16 novembre 2022,
77 092,,"Les Choses qu’on dit, les choses qu’on fait",16 au 23 septembre 2020,
69 481,,La Revanche des Crevettes Pailletées,13 au 20 avril 2022,
80 551,,Belfast,02 au 9 mars 2022,
121 740,,Le Discours,09 au 16 juin 2021,
6 375,,Munch,20 au 27 décembre 2023,
10 324,,La Gravité,03 au 10 mai 2023,
68 056,,Une jeune fille qui va bien,26 janvier au 2 février 2022,
3 609,,Désordres,12 au 19 avril 2023,
18 534,,Last Dance !,20 au 27 septembre 2023,
21 203,,Plus que jamais,16 au 23 novembre 2022,
54 242,1 800 000,Marlowe,15 au 22 février 2023,17 au 20 février 2023
4 831,,Lost Country,11 au 18 octobre 2023,
4 927,,Shorta,23 au 30 juin 2021,
153 920,,Le Torrent,30 novembre au 7 décembre 2022,
179 006,,Les Vedettes,09 au 16 février 2022,
127 930,,La Ruse,27 avril au 4 mai 2022,
57 333,,El buen patrón,22 au 29 juin 2022,
35 205,,Godland,21 au 28 décembre 2022,
117 941,,L'École est à nous,26 octobre au 2 novembre 2022,
160 373,3 037 702,Les Nouveaux mutants,26 août au 2 septembre 2020,04 au 7 septembre 2020
57 538,,Citoyen d'honneur,14 au 21 septembre 2022,
47 867,,La Grande magie,08 au 15 février 2023,
171 967,,Ernest et Célestine : le voyage en Charabie,14 au 21 décembre 2022,
77 098,,Les Méchants,08 au 15 septembre 2021,
152 312,,Les Jeunes amants,02 au 9 février 2022,
64 016,,La Plus belle pour aller danser,19 au 26 avril 2023,
12 466,,Petites,22 février au 1 mars 2023,
17 454,,Rebel,31 août au 7 septembre 2022,
11 672,,Rheingold,28 juin au 5 juillet 2023,
1 283,,Waves,29 janvier au 5 février 2020,
117 938,,L'Origine Du Monde,15 au 22 septembre 2021,
19 609,,Les Engagés,16 au 23 novembre 2022,
35 011,,Rouge,11 au 18 août 2021,
911,,En bonne compagnie,18 au 25 octobre 2023,
9 062,,Une mère,23 au 30 mars 2022,
349 741,28 205 665,Invisible Man,26 février au 4 mars 2020,28 février 2020 au 2 mars 2020
12 843,,Un hiver à Yanji,22 au 29 novembre 2023,
168 103,,La très très grande classe,10 au 17 août 2022,
144 754,1 808 429,Enragé,19 au 26 août 2020,04 au 7 septembre 2020
39 242,,Reprise en main,19 au 26 octobre 2022,
148 172,,Les Vieux fourneaux 2 : bons pour l’asile,17 au 24 août 2022,
37 490,,Nos frangins,07 au 14 décembre 2022,
283,,Le Monde d'après,26 octobre au 2 novembre 2022,
24 140,,The Chef,19 au 26 janvier 2022,
259 472,24 000 000,Les Bad Guys,06 au 13 avril 2022,22 au 25 avril 2022
25 984,8 026 475,Renfield,31 mai au 7 juin 2023,14 au 17 avril 2023
6 943,,Juniors,26 juillet au 2 août 2023,
143 968,,Un Triomphe,01 au 8 septembre 2021,
168 937,,Sacrées momies,08 au 15 février 2023,
2 338,,Fighter,24 au 31 janvier 2024,
18 993,,Un petit frère,01 au 8 février 2023,
100 494,,Tout s'est bien passé,22 au 29 septembre 2021,
33 148,,Petite Nature,09 au 16 mars 2022,
29 051,,The Card Counter,29 décembre 2021 au 5 janvier 2022,
2 986,,Storia di vacanze,13 au 20 octobre 2021,
116 929,11 575 855,Beast,24 au 31 août 2022,19 au 22 août 2022
13 090,,Une femme de notre temps,05 au 12 octobre 2022,
749 372,71 000 000,Sonic 2 le film,30 mars au 6 avril 2022,08 au 11 avril 2022
10 884,4 100 000,L'Un des nôtres,16 au 23 juin 2021,06 au 9 novembre 2020
63 758,8 807 513,Respect,08 au 15 septembre 2021,13 au 16 août 2021
513,,Règle 34,07 au 14 juin 2023,
17 473,,Grosse colère et fantaisies,12 au 19 octobre 2022,
45 538,,La Petite Bande,20 au 27 juillet 2022,
8 500,,Don Juan,18 au 25 mai 2022,
51 550,,Les Cadors,11 au 18 janvier 2023,
262 703,,Les As de la jungle 2 - Opération tour du monde,16 au 23 août 2023,
283 561,,Le Sens de la famille,30 juin au 7 juillet 2021,
14 143,,Brillantes,18 au 25 janvier 2023,
64 834,4 765 000,Whitney Houston : I Wanna Dance With Somebody,21 au 28 décembre 2022,23 au 26 décembre 2022
20 637,,En plein feu,08 au 15 mars 2023,
6 262,,Les Meilleures,09 au 16 mars 2022,
47 192,,Zaï Zaï Zaï Zaï,23 février au 2 mars 2022,
9 010,,Vous n'aurez pas ma haine,02 au 9 novembre 2022,
45 458,,The Rental,19 au 26 août 2020,
13 046,,Vortex,13 au 20 avril 2022,
40 807,,Le Sixième enfant,28 septembre au 5 octobre 2022,
4 569,,Les Damnés ne pleurent pas,26 juillet au 2 août 2023,
101 658,,Noël Joyeux,06 au 13 décembre 2023,
158 922,,On est fait pour s’entendre,17 au 24 novembre 2021,
27 639,,Goutte d'or,01 au 8 mars 2023,
151 081,,Rumba la vie,24 au 31 août 2022,
107 865,,Peninsula,21 au 28 octobre 2020,
42 636,,Compartiment N°6,03 au 10 novembre 2021,
80 190,,Le Parfum vert,21 au 28 décembre 2022,
140 678,,Esther 2 : Les Origines,17 au 24 août 2022,
574,,Légua,13 au 20 décembre 2023,
26 744,,Le Temps des secrets,09 au 16 mars 2022,
2 858,,Sissi & moi,25 octobre au 1 novembre 2023,
126 975,,Ouistreham,12 au 19 janvier 2022,
580 181,,Les Bodin's en Thaïlande,17 au 24 novembre 2021,
90 935,,C'est magnifique !,01 au 8 juin 2022,
5 612,,À l’abordage,21 au 28 juillet 2021,
221 999,,Madres paralelas,01 au 8 décembre 2021,
10 015,,Pig,27 octobre au 3 novembre 2021,
31 818,2 810 353,Emmett Till,08 au 15 février 2023,28 au 31 octobre 2022
110 323,,La Dégustation,31 août au 7 septembre 2022,
17 688,,Women Talking,08 au 15 mars 2023,
132 431,3 367 758,Enzo le Croco,30 novembre au 7 décembre 2022,04 au 7 novembre 2022
98 004,,Les Miens,23 au 30 novembre 2022,
54 164,,Compagnons,23 février au 2 mars 2022,
60 604,,Le Principal,10 au 17 mai 2023,
11 021,,Banel & Adama,30 août au 6 septembre 2023,
6 676,,Grand Paris,29 mars au 5 avril 2023,
146 389,,Un tour chez ma fille,16 au 23 juin 2021,
6 150,,A vol d'oiseaux,05 au 12 avril 2023,
22 510,,Les Rascals,11 au 18 janvier 2023,
130 560,,La Daronne,09 au 16 septembre 2020,
86 176,,Le Jeune imam,26 avril au 3 mai 2023,
5 849,,Tant que le soleil frappe,08 au 15 février 2023,
1 865,,N’attendez pas trop de la fin du monde,27 septembre au 4 octobre 2023,
10 078,,Nitram,11 au 18 mai 2022,
49 948,,Petaouchnok,09 au 16 novembre 2022,
3 268,,"Caillou, chou, hibou",27 septembre au 4 octobre 2023,
35 199,,Les Gagnants,13 au 20 avril 2022,
171 000,,La Bonne épouse,11 au 18 mars 2020,
13 756,,Ça tourne à Séoul ! Cobweb,08 au 15 novembre 2023,
61 295,,Compétition officielle,01 au 8 juin 2022,
95 111,,Le Bonheur des uns...,09 au 16 septembre 2020,
17 522,,La Dérive des continents (au sud),24 au 31 août 2022,
6 111,,Le Grand chariot,13 au 20 septembre 2023,
130 294,,Les Promesses,26 janvier au 2 février 2022,
61 028,,Josep,30 septembre au 7 octobre 2020,
61 129,,La Vraie famille,16 au 23 février 2022,
111 837,,Maestro(s),07 au 14 décembre 2022,
11 221,,Olga,17 au 24 novembre 2021,
7 248,,Titina,08 au 15 février 2023,
206 429,12 310 420,Nightmare Island,12 au 19 février 2020,14 au 17 février 2020
120 131,4 800 000,355,05 au 12 janvier 2022,07 au 10 janvier 2022
3 760,,Rue des dames,13 au 20 décembre 2023,
11 110,4 854 125,Bros,19 au 26 octobre 2022,30 septembre 2022 au 3 octobre 2022
44 535,,Retour à Séoul,25 janvier au 1 février 2023,
22 413,,Minari,23 au 30 juin 2021,
53 919,9 154 695,Missing : Disparition inquiétante,22 février au 1 mars 2023,20 au 23 janvier 2023
278,,Zillion,21 au 28 juin 2023,
7 753,,Amours à la finlandaise,03 au 10 janvier 2024,
29 219,,Petite maman,02 au 9 juin 2021,
55 577,,L'Homme parfait,22 au 29 juin 2022,
55 324,,Contes du hasard et autres fantaisies,06 au 13 avril 2022,
12 657,,La Nuit du verre d’eau,14 au 21 juin 2023,
33 994,8 725 000,Spirale : L'Héritage de Saw,21 au 28 juillet 2021,14 au 17 mai 2021
4 137,,Un Prince,18 au 25 octobre 2023,
24 634,,L'Improbable voyage d'Harold Fry,31 mai au 7 juin 2023,
1 221,,Siren,14 au 21 février 2024,
116 388,,La Fine fleur,30 juin au 7 juillet 2021,
10 405,,Une comédie romantique,16 au 23 novembre 2022,
54 622,,The Duke,11 au 18 mai 2022,
8 221,,Contes de Printemps,29 mars au 5 avril 2023,
32 871,,Umami,17 au 24 mai 2023,
125 465,,Chœur de Rockers,28 décembre 2022 au 4 janvier 2023,
5 335,,Les Secrets de la princesse de Cadignan,13 au 20 septembre 2023,
85 068,,L'Emprise du démon,11 au 18 janvier 2023,
34 071,,Love Life,14 au 21 juin 2023,
37 740,,On sourit pour la photo,11 au 18 mai 2022,
12 831,,"Sakra, la légende des demi-dieux",10 au 17 mai 2023,
75 483,,Affamés,17 au 24 novembre 2021,
5 589,,Le Braquage du siècle,08 au 15 septembre 2021,
113 727,,Miss,21 au 28 octobre 2020,
33 136,,Showing Up,03 au 10 mai 2023,
69 056,5 570 000,Malignant,01 au 8 septembre 2021,10 au 13 septembre 2021
37 431,,The Lost King,29 mars au 5 avril 2023,
187 689,1 440 250,Halloween Ends,12 au 19 octobre 2022,04 au 7 novembre 2022
12 376,,Blue Jean,19 au 26 avril 2023,
20 951,,Nos soleils,18 au 25 janvier 2023,
6 580,,Juste une nuit,16 au 23 novembre 2022,
43 695,,Serre Moi Fort,08 au 15 septembre 2021,
162,,Plan 75,01 au 8 juin 2022,
3 933,,La Sirène,28 juin au 5 juillet 2023,
20 269,,Teddy,30 juin au 7 juillet 2021,
57,,La Belle bleue,18 au 25 janvier 2023,
2 712,,24 heures à New-York,09 au 16 août 2023,
18 155,,Icare,30 mars au 6 avril 2022,
92 692,,Haute couture,10 au 17 novembre 2021,
72 100,,Le Médecin imaginaire,27 avril au 4 mai 2022,
150 143,,Le Test,29 décembre 2021 au 5 janvier 2022,
27 833,,La Marginale,03 au 10 mai 2023,
1 634,,Un hiver en été,26 juillet au 2 août 2023,
32 996,,Joyland,28 décembre 2022 au 4 janvier 2023,
26 646,,First Cow,20 au 27 octobre 2021,
71 513,,De l'autre côté du ciel,17 au 24 août 2022,
4 640,,La Maison des égarées,28 juin au 5 juillet 2023,
3 834,,The Survival Of Kindness,13 au 20 décembre 2023,
16 175,,Les Ombres persanes,19 au 26 juillet 2023,
22 033,,Rodéo,07 au 14 septembre 2022,
48 077,,ADN,26 mai au 2 juin 2021,
15 001,,Inexorable,06 au 13 avril 2022,
23 017,27 065,Ondine,23 au 30 septembre 2020,04 au 7 juin 2021
6 898,,Alam,30 août au 6 septembre 2023,
5 074,,Coma,16 au 23 novembre 2022,
72 462,,J'adore ce que vous faites,18 au 25 mai 2022,
3 597,,Louxor,21 au 28 juillet 2021,
16 513,,Jawan,06 au 13 septembre 2023,
9 462,,Grand marin,11 au 18 janvier 2023,
5 178,,Tropic,02 au 9 août 2023,
416 180,21 844 045,Le Voyage du Dr Dolittle,05 au 12 février 2020,17 au 20 janvier 2020
31 723,,Entre la vie et la mort,29 juin au 6 juillet 2022,
60 910,,Les Fantasmes,18 au 25 août 2021,
24 843,,Red Rocket,02 au 9 février 2022,
85 213,,Antebellum,09 au 16 septembre 2020,
11 978,,Les Secrets de mon père,21 au 28 septembre 2022,
16 502,,Une histoire d'amour et de désir,01 au 8 septembre 2021,
45 250,,Cet été-là,04 au 11 janvier 2023,
52 791,,Hokusai,26 avril au 3 mai 2023,
3 667,,L'Autre Laurens,04 au 11 octobre 2023,
116 540,,Mystère à Saint-Tropez : une enquête de l'inspecteur Boulin,14 au 21 juillet 2021,
1 724,,Earwig,18 au 25 janvier 2023,
16 793,,La Maleta,24 au 31 mai 2023,
35 961,,Méandre,26 mai au 2 juin 2021,
17 087,,La Voix d'Aida,22 au 29 septembre 2021,
2 254,,Le Plongeur,03 au 10 janvier 2024,
16 200,,Slalom,26 mai au 2 juin 2021,
345,,Capitaines !,20 au 27 septembre 2023,
21 010,,Nos plus belles années,29 décembre 2021 au 5 janvier 2022,
5 321,,Temps Mort,03 au 10 mai 2023,
18 183,,Détective Conan: le sous-marin noir,02 au 9 août 2023,
64 589,,Un héros,15 au 22 décembre 2021,
9 306,,Une vie démente,10 au 17 novembre 2021,
28 954,,Les Amours d’Anaïs,15 au 22 septembre 2021,
260 011,,Maigret,23 février au 2 mars 2022,
57 091,,Ice Road,04 au 11 août 2021,
21 018,,Une femme du monde,08 au 15 décembre 2021,
16 527,,Sous les figues,07 au 14 décembre 2022,
21 613,,Chili 1976,22 au 29 mars 2023,
2 828,,Violet Evergarden - le film,26 mai au 2 juin 2021,
8 494,,Ninjababy,21 au 28 septembre 2022,
5 340,,Unicorn Wars,28 décembre 2022 au 4 janvier 2023,
208,,Piggy,02 au 9 novembre 2022,
167 617,,Alors on danse,16 au 23 mars 2022,
30 113,,Et l'amour dans tout ça ?,08 au 15 mars 2023,
40 156,,La Baleine et l'escargote,21 au 28 octobre 2020,
54 583,,Envole-moi,26 mai au 2 juin 2021,
83 427,,Terrible Jungle,29 juillet au 5 août 2020,
5 529,,La Naissance des oasis,29 mars au 5 avril 2023,
55 960,,Trois fois rien,16 au 23 mars 2022,
41 645,,Murder Party,09 au 16 mars 2022,
5 225,,De nos jours...,19 au 26 juillet 2023,
117 333,,Pil,11 au 18 août 2021,
118 883,,Les 2 Alfred,16 au 23 juin 2021,
12 574,,Alma Viva,12 au 19 avril 2023,
11 017,,Charlotte,09 au 16 novembre 2022,
1 479,,L'Enfant du paradis,06 au 13 décembre 2023,
16 789,,Stella est amoureuse,14 au 21 décembre 2022,
182 763,31 650 000,Space Jam - Nouvelle ère,21 au 28 juillet 2021,16 au 19 juillet 2021
2 895,,Inspecteur Sun et la malédiction de la veuve noire,20 au 27 décembre 2023,
362 162,17 300 000,Baby Boss 2 : une affaire de famille,18 au 25 août 2021,02 au 5 juillet 2021
29 811,,Tori et Lokita,05 au 12 octobre 2022,
118 824,,Si on chantait,03 au 10 novembre 2021,
1 662,,Paula,19 au 26 juillet 2023,
209 337,3 893 288,La Proie du diable,26 octobre au 2 novembre 2022,04 au 7 novembre 2022
65 637,,Le Petit Piaf,21 au 28 décembre 2022,
36 400,,Fratè,15 au 22 juin 2022,
47 384,,Blackbird,23 au 30 septembre 2020,
17 362,,The Eternal Daughter,22 au 29 mars 2023,
173 729,12 750 000,American Nightmare 5 : Sans limites,04 au 11 août 2021,02 au 5 juillet 2021
17 414,,Passion Simple,11 au 18 août 2021,
7 640,,La Ligne,11 au 18 janvier 2023,
26 855,1 588 491,Moi quand je me réincarne en Slime - Le film : Scarlet Bond,01 au 8 février 2023,20 au 23 janvier 2023
25 767,4 300 000,Mon père et moi,31 mai au 7 juin 2023,26 au 29 mai 2023
3 198,,Camila sortira ce soir,07 au 14 juin 2023,
74 266,22 001 750,Candyman,29 septembre au 6 octobre 2021,27 au 30 août 2021
35 528,,Follow_dead,13 au 20 décembre 2023,
4 760,,"Bruno Reidal, confession d'un meurtrier",23 au 30 mars 2022,
133,1 350 000,Voyagers,26 mai au 2 juin 2021,09 au 12 avril 2021
13 933,,Felicità,15 au 22 juillet 2020,
10 441,,A propos de Joan,14 au 21 septembre 2022,
33,,Suro,16 au 23 août 2023,
58 266,10 622 473,Don't Breathe 2,25 août au 1 septembre 2021,13 au 16 août 2021
4 721,,Nos cérémonies,03 au 10 mai 2023,
70 150,,Eugénie Grandet,29 septembre au 6 octobre 2021,
25 250,,A l’ombre des filles,13 au 20 avril 2022,
11 488,,Cœurs vaillants,11 au 18 mai 2022,
420,,The Novice,11 au 18 janvier 2023,
6 039,,Noémie dit oui,26 avril au 3 mai 2023,
9 487,,Le Nid du Tigre,15 au 22 février 2023,
11 765,,Supernova,08 au 15 septembre 2021,
28 119,,Kung-Fu Zohra,09 au 16 mars 2022,
228 478,,King,16 au 23 février 2022,
64 399,8 000 000,Marry Me,09 au 16 février 2022,11 au 14 février 2022
18 373,,Le Dernier voyage,26 mai au 2 juin 2021,
18 436,,Falling,26 mai au 2 juin 2021,
2 350,1 400 101,Cyrano,30 mars au 6 avril 2022,25 au 28 février 2022
6 373,,"Un an, une nuit",03 au 10 mai 2023,
21 259,,L'Histoire de ma femme,16 au 23 mars 2022,
122 373,,L'Esprit de famille,29 janvier au 5 février 2020,
9 101,,Seize Printemps,16 au 23 juin 2021,
288 149,9 710 000,Les Croods 2 : une nouvelle ère,14 au 21 juillet 2021,27 au 30 novembre 2020
13 057,,War Pony,10 au 17 mai 2023,
28 769,,5ème Set,16 au 23 juin 2021,
7 757,,Au revoir le bonheur,11 au 18 janvier 2023,
21 774,,Un vrai bonhomme,08 au 15 janvier 2020,
26 493,,Viens je t’emmène,02 au 9 mars 2022,
81 893,,Le Tigre et le Président,07 au 14 septembre 2022,
27 335,,Rendez-vous à Tokyo,26 juillet au 2 août 2023,
9 530,,Los reyes del mundo,29 mars au 5 avril 2023,
11 537,,Les Repentis,09 au 16 novembre 2022,
129 395,6 403 286,My Hero Academia - World Heroes' Mission,26 janvier au 2 février 2022,29 octobre 2021 au 1 novembre 2021
43 862,,Ima,11 au 18 mai 2022,
3 438,,Vacances,28 septembre au 5 octobre 2022,
137 238,7 300 000,Ron Débloque,20 au 27 octobre 2021,22 au 25 octobre 2021
34 698,,My Son,03 au 10 novembre 2021,
12 567,,La Croisade,22 au 29 décembre 2021,
15 551,,Le Secret des Perlims,18 au 25 janvier 2023,
3 113,,Infiltrée,23 au 30 août 2023,
43 740,,Le Monde d'hier,30 mars au 6 avril 2022,
5 927,,Jacky Caillou,02 au 9 novembre 2022,
37 459,,Les Aventures de Ricky,12 au 19 avril 2023,
8 055,,Projet Wolf Hunting,15 au 22 février 2023,
333 361,23 000 000,Krypto et les Super-Animaux,27 juillet au 3 août 2022,29 juillet 2022 au 1 août 2022
482 349,10 400 000,Pierre Lapin 2,30 juin au 7 juillet 2021,11 au 14 juin 2021
14 818,,After Yang,06 au 13 juillet 2022,
20 879,,Les Sorcières d'Akelarre,25 août au 1 septembre 2021,
35 748,,La Proie d'une ombre,15 au 22 septembre 2021,
10 680,,Ailleurs si j'y suis,29 mars au 5 avril 2023,
6 161,,Comme une actrice,08 au 15 mars 2023,
30 484,,Madre,22 au 29 juillet 2020,
22 520,,La Place d'une autre,19 au 26 janvier 2022,
41 933,,Médecin de nuit,16 au 23 juin 2021,
9 914,,Sentimental,11 au 18 août 2021,
7 358,,On dirait la planète Mars,02 au 9 août 2023,
13 060,,Du crépitement sous les néons,16 au 23 novembre 2022,
36 523,,Canailles,14 au 21 septembre 2022,
22 622,,Sword Art Online - Progressive - Scherzo of Deep Night,30 novembre au 7 décembre 2022,
148,,Si proche du soleil,17 au 24 janvier 2024,
205 217,,Mon Cousin,30 septembre au 7 octobre 2020,
12 336,,"Ashkal, l'enquête de Tunis",25 janvier au 1 février 2023,
1 847,,Méduse,26 octobre au 2 novembre 2022,
110 248,,Parents d'élèves,07 au 14 octobre 2020,
1 009,,Les Promesses,16 au 23 août 2023,
22 526,,Vous ne désirez que moi,09 au 16 février 2022,
214 788,11 675 000,Hitman & Bodyguard 2,30 juin au 7 juillet 2021,18 au 21 juin 2021
158 405,,Le Royaume des étoiles,07 au 14 décembre 2022,
7 643,,Bowling Saturne,26 octobre au 2 novembre 2022,
56 867,,Maurice le chat fabuleux,01 au 8 février 2023,
41 732,,Tralala,06 au 13 octobre 2021,
39 643,,Rifkin's Festival,13 au 20 juillet 2022,
148 775,,Le Trésor du Petit Nicolas,20 au 27 octobre 2021,
17 917,,Le Procès de l'herboriste,30 juin au 7 juillet 2021,
7 028,,Radio Metronom,04 au 11 janvier 2023,
4 016,,Dirty Difficult Dangerous,26 avril au 3 mai 2023,
1 913,,Trenque Lauquen - Partie 2,03 au 10 mai 2023,
419 574,,Les Trolls 2 - Tournée mondiale,14 au 21 octobre 2020,
9 258,5 806 277,Joy Ride,05 au 12 juillet 2023,07 au 10 juillet 2023
27 949,,Les Amants sacrifiés,08 au 15 décembre 2021,
988,,Saloum,25 janvier au 1 février 2023,
5 218,,Zone(s) de turbulence,09 au 16 août 2023,
116 387,3 600 000,The Good criminal,14 au 21 octobre 2020,16 au 19 octobre 2020
6 658,,Le Rapport Auschwitz,27 juillet au 3 août 2022,
39 905,,"Billie Holiday, une affaire d'état",02 au 9 juin 2021,
7 264,,Juste sous vos yeux,21 au 28 septembre 2022,
10 535,,Never Rarely Sometimes Always,19 au 26 août 2020,
10 060,,"Josée, le tigre et les poissons",16 au 23 juin 2021,
8 127,,Jardins enchantés,26 janvier au 2 février 2022,
15,,La Dernière danse,10 au 17 janvier 2024,
47 130,,Twist À Bamako,05 au 12 janvier 2022,
109 322,,"Ainbo, princesse d'Amazonie",14 au 21 juillet 2021,
204 164,,Tad l'explorateur et la table d'émeraude,24 au 31 août 2022,
31 985,,Sundown,27 juillet au 3 août 2022,
9 716,,Inu-Oh,23 au 30 novembre 2022,
7 434,,Les Héroïques,20 au 27 octobre 2021,
441,,Un automne à Great Yarmouth,06 au 13 septembre 2023,
26 288,,La Pièce rapportée,01 au 8 décembre 2021,
12 440,,Sentinelle sud,27 avril au 4 mai 2022,
20 705,,Nos âmes d'enfants,26 janvier au 2 février 2022,
51 677,,Cette musique ne joue pour personne,29 septembre au 6 octobre 2021,
8 528,,L'Odeur du vent,24 au 31 mai 2023,
5 754,,Libre Garance !,21 au 28 septembre 2022,
151 216,6 250 000,Samouraï Academy,12 au 19 octobre 2022,15 au 18 juillet 2022
95 830,5 823 006,The Boy : la malédiction de Brahms,26 février au 4 mars 2020,21 au 24 février 2020
6 286,,"Chonchon, le plus mignon des cochons",28 juin au 5 juillet 2023,
16 731,,L'Incroyable Noël de Shaun le mouton,15 au 22 novembre 2023,
12 767,,Fatima,06 au 13 octobre 2021,
211 019,,Hopper et le hamster des ténèbres,16 au 23 février 2022,
8 026,,Feu follet,14 au 21 septembre 2022,
14 320,,The King Of Staten Island,22 au 29 juillet 2020,
33 783,3 710 000,Freaky,23 au 30 juin 2021,13 au 16 novembre 2020
11 166,,After Blue (Paradis sale),16 au 23 février 2022,
11 074,,Freda,13 au 20 octobre 2021,
640,,Le Champ des Possibles,06 au 13 septembre 2023,
284,,Ollie & compagnie,12 au 19 juillet 2023,
8 267,,L'Oubli que nous serons,09 au 16 juin 2021,
36 741,,Flag Day,29 septembre au 6 octobre 2021,
10 155,,Garçon Chiffon,26 mai au 2 juin 2021,
50 838,,J’irai mourir dans les Carpates,16 au 23 septembre 2020,
41 035,,Rose,08 au 15 décembre 2021,
15 334,,Sons of Philadelphia,26 mai au 2 juin 2021,
141 458,,Belle-Fille,19 au 26 août 2020,
20 445,,Éléonore,23 au 30 septembre 2020,
17 829,,Le Serment de Pamfir,02 au 9 novembre 2022,
5 740,,Valentina,22 au 29 mars 2023,
3 469,,Amore Mio,01 au 8 février 2023,
4 986,,Les Mal-aimés,16 au 23 septembre 2020,
3 490,,Music Hole,06 au 13 juillet 2022,
36,350 000,All My Life,02 au 9 juin 2021,04 au 7 décembre 2020
3 370,,Inséparables,18 au 25 janvier 2023,
24 084,,Ils sont vivants,23 février au 2 mars 2022,
28 400,,Sword Art Online - Progressive - Aria of a Starless Night,05 au 12 janvier 2022,
487,,Kokon,05 au 12 avril 2023,
163 178,16 420 000,Clifford,01 au 8 décembre 2021,12 au 15 novembre 2021
10 538,,La Fille d’Albino Rodrigue,10 au 17 mai 2023,
65 389,,Tre Piani,10 au 17 novembre 2021,
8 015,,Louise et la Légende du Serpent à Plumes,08 au 15 février 2023,
105 611,,L'Amour c’est mieux que la vie,19 au 26 janvier 2022,
44 064,,Magic !,02 au 9 août 2023,
925,,Mourir à Ibiza (Un film en trois étés),07 au 14 décembre 2022,
25 406,,Profession du père,28 juillet au 4 août 2021,
676,,Swing Rendez-vous,11 au 18 janvier 2023,
6 943,,Evolution,18 au 25 mai 2022,
22 203,,Arthur Rambo,02 au 9 février 2022,
14 023,,Le Lion et les trois brigands,15 au 22 mars 2023,
4 233,,Vaurien,09 au 16 juin 2021,
3 463,,Sublime,17 au 24 mai 2023,
7 188,,Tel Aviv – Beyrouth,01 au 8 février 2023,
7 432,,El Agua,01 au 8 mars 2023,
1 039,,Amel & les fauves,26 avril au 3 mai 2023,
24 494,,Pompon Ours,25 janvier au 1 février 2023,
4 758,,"Saules aveugles, femme endormie",22 au 29 mars 2023,
3 250,,N°10,30 août au 6 septembre 2023,
7 783,,Blue Bayou,15 au 22 septembre 2021,
5 398,,"Kanun, la loi du sang",07 au 14 décembre 2022,
128 699,50 350 000,Halloween Kills,20 au 27 octobre 2021,15 au 18 octobre 2021
15 304,,"Chien Pourri, la vie à Paris !",07 au 14 octobre 2020,
5 745,,Fièvre Méditerranéenne,14 au 21 décembre 2022,
30 792,,L'Homme de la cave,13 au 20 octobre 2021,
176,,Sergent Major Eismayer,13 au 20 décembre 2023,
105 972,11 404 113,The Grudge,15 au 22 janvier 2020,03 au 6 janvier 2020
72 295,,Tendre Et Saignant,19 au 26 janvier 2022,
102,,Sea Sparkle,13 au 20 décembre 2023,
11 763,,Ma famille afghane,27 avril au 4 mai 2022,
118 045,6 200 000,Spirit : l'indomptable,28 juillet au 4 août 2021,04 au 7 juin 2021
9 052,,Suzanna Andler,02 au 9 juin 2021,
163 520,,Le Tour du monde en 80 jours,04 au 11 août 2021,
15 007,,Un hérisson dans la neige,09 au 16 novembre 2022,
553,,L'Etrange histoire du coupeur de bois,04 au 11 janvier 2023,
11 387,,Seconde jeunesse,16 au 23 août 2023,
4 697,,Tropique de la violence,23 au 30 mars 2022,
1 170,,99 Moons,10 au 17 mai 2023,
7 112,,Venez voir,04 au 11 janvier 2023,
5 698,,Un endroit comme un autre,08 au 15 décembre 2021,
3 009,,Le Soleil de trop près,28 septembre au 5 octobre 2022,
13 256,,Bonne mère,21 au 28 juillet 2021,
2 224,,Yamabuki,02 au 9 août 2023,
12 136,5 000 000,Many Saints Of Newark - Une histoire des Soprano,03 au 10 novembre 2021,01 au 4 octobre 2021
14 543,,Où est Anne Frank !,08 au 15 décembre 2021,
16 198,,Ogre,20 au 27 avril 2022,
5 279,,Goodbye,18 au 25 janvier 2023,
156 133,18 007 000,La Famille Addams 2 : une virée d'enfer,13 au 20 octobre 2021,01 au 4 octobre 2021
4 762,,L'Homme le plus heureux du monde,22 février au 1 mars 2023,
5 932,,Samhain,07 au 14 décembre 2022,
13 976,,"Varsovie 83, une affaire d'État",04 au 11 mai 2022,
9 053,,Harka,02 au 9 novembre 2022,
45 509,,Abuela,06 au 13 avril 2022,
11 756,,Le Roi cerf,04 au 11 mai 2022,
345,5 481 000,Salaar : Part 1 - Ceasefire,03 au 10 janvier 2024,22 au 25 décembre 2023
10 607,,Memory Box,19 au 26 janvier 2022,
6 321,,Bad Luck Banging or Loony Porn,15 au 22 décembre 2021,
8 255,,A Good Man,10 au 17 novembre 2021,
849,,Quand les vagues se retirent,16 au 23 août 2023,
4 685,,Hinterland,28 décembre 2022 au 4 janvier 2023,
8 910,,Next Door,29 décembre 2021 au 5 janvier 2022,
40,,Land,16 au 23 juin 2021,
15 757,,Petite Fleur,08 au 15 juin 2022,
87 570,13 710 000,Tom et Jerry,26 mai au 2 juin 2021,26 février 2021 au 1 mars 2021
2 197,,La Ruche,01 au 8 juin 2022,
82 707,8 800 000,Escape Game 2 - Le Monde est un piège,11 au 18 août 2021,16 au 19 juillet 2021
34 808,,Lucky Strike,08 au 15 juillet 2020,
15 130,,Gaza Mon Amour,06 au 13 octobre 2021,
15 126,,Haut et Fort,17 au 24 novembre 2021,
606,,Sparta,31 mai au 7 juin 2023,
1 150,,À La Folie,06 au 13 avril 2022,
5 854,,Petite leçon d’amour,04 au 11 mai 2022,
19 728,,Mon légionnaire,06 au 13 octobre 2021,
13 219,,Sous le ciel d’Alice,30 juin au 7 juillet 2021,
10 853,,Bloody Milkshake,21 au 28 juillet 2021,
1 884,,Traces,08 au 15 février 2023,
19 511,3 200 000,La Chapelle du Diable,14 au 21 juillet 2021,02 au 5 avril 2021
76,,Le Monde d’après 2,12 au 19 avril 2023,
2 117,,"Habib, la grande aventure",19 au 26 avril 2023,
50 457,,L'Arbre à voeux,17 au 24 mai 2023,
397,,Tout Le Monde M'appelle Mike,05 au 12 juillet 2023,
3 912,84 710,Limbo,04 au 11 mai 2022,30 avril 2021 au 3 mai 2021
120 764,,C'est quoi ce papy ?!,11 au 18 août 2021,
1 436,,Poppy Field,28 septembre au 5 octobre 2022,
67 576,,Villa Caprice,02 au 9 juin 2021,
8 947,,La Fièvre de Petrov,01 au 8 décembre 2021,
11 228,,Azuro,30 mars au 6 avril 2022,
2 258,,La Nuit des rois,08 au 15 septembre 2021,
1 084,,La Nuit aux amants,06 au 13 avril 2022,
9 006,,Irresistible,01 au 8 juillet 2020,
50 862,3 608 000,Mon grand-père et moi,07 au 14 octobre 2020,09 au 12 octobre 2020
5 004,,Wild Men,24 au 31 août 2022,
31 781,,Bergman Island,14 au 21 juillet 2021,
4 793,,Jumbo,01 au 8 juillet 2020,
2 824,,A Perfect Enemy,29 décembre 2021 au 5 janvier 2022,
25 332,,Le Rêve de Daisy,30 août au 6 septembre 2023,
7 734,,Sous les étoiles de Paris,26 mai au 2 juin 2021,
2 313,,Tom,11 au 18 mai 2022,
8 798,,Les Sans-dents,20 au 27 avril 2022,
8 414,,Wendy,23 au 30 juin 2021,
5 141,,Amants super-héroïques,03 au 10 août 2022,
10 070,,Great Freedom,09 au 16 février 2022,
3 109,,Astrakan,08 au 15 février 2023,
3 154,,Le Petit hérisson dans la brume et autres merveilles,05 au 12 avril 2023,
5 141,,Guermantes,29 septembre au 6 octobre 2021,
5 159,,Ariaferma,16 au 23 novembre 2022,
2 306,,Tove,01 au 8 mars 2023,
974,,Loup & Chien,12 au 19 avril 2023,
3 364,,Tout fout le camp,14 au 21 septembre 2022,
6 264,,Junk Head,18 au 25 mai 2022,
206,,La hija de todas las rabias,13 au 20 septembre 2023,
7 245,,Libertad,06 au 13 avril 2022,
5 704,,Selon La Police,23 février au 2 mars 2022,
40,,Monsieur Constant,17 au 24 mai 2023,
1 709,,La Mif,09 au 16 mars 2022,
5 839,,Il buco,04 au 11 mai 2022,
84 767,,Bigfoot Family,05 au 12 août 2020,
9 240,,Chers camarades !,01 au 8 septembre 2021,
95,,La Hess,03 au 10 janvier 2024,
114,,La Fille et le garçon,21 au 28 juin 2023,
6 436,,L'Ennemi,26 janvier au 2 février 2022,
6 597,,"Costa Brava, Lebanon",27 juillet au 3 août 2022,
8 960,,"La Romancière, le film et le heureux hasard",15 au 22 février 2023,
6 853,,Piro Piro,01 au 8 février 2023,
2 845,,Nayola,08 au 15 mars 2023,
191 223,850 000,Scooby !,08 au 15 juillet 2020,21 au 24 mai 2021
5 416,,Le Sel des larmes,15 au 22 juillet 2020,
3 771,,Nezouh,21 au 28 juin 2023,
15 105,,La chance sourit à madame Nikuko,08 au 15 juin 2022,
17 245,,Robuste,02 au 9 mars 2022,
17 761,,The Power,16 au 23 février 2022,
2 876,,L'Éden,22 au 29 mars 2023,
27 128,11 405 000,D'où l'on vient,23 au 30 juin 2021,11 au 14 juin 2021
28 303,,Aristocrats,30 mars au 6 avril 2022,
49 805,,Max et Emmy : Mission Pâques,13 au 20 avril 2022,
9 284,,Chevalier Noir,22 février au 1 mars 2023,
9 376,,Le Grand jour du Lièvre,23 au 30 mars 2022,
8 948,,Utama : La Terre Oubliée,11 au 18 mai 2022,
1 215,,Luise,05 au 12 juillet 2023,
9 083,,I Comete,20 au 27 avril 2022,
209,,Marinaleda,05 au 12 juillet 2023,
114,,Un corps sous la lave,03 au 10 janvier 2024,
9 703,,Un fils du sud,16 au 23 mars 2022,
10 645,,I love Greece,06 au 13 juillet 2022,
4 342,,La Colline où rugissent les lionnes,27 avril au 4 mai 2022,
14 821,,A Chiara,13 au 20 avril 2022,
28 234,,Aucun ours,23 au 30 novembre 2022,
7 225,,Mi iubita mon amour,27 juillet au 3 août 2022,
3 507,,Les Grandes vacances de cowboy et indien,07 au 14 juin 2023,
2 728,,Des Feux dans la nuit,03 au 10 août 2022,
1 515,,L'Homme de Dieu,09 au 16 mars 2022,
1 841,,Marcel !,27 juillet au 3 août 2022,
5 471,,Plumes,23 au 30 mars 2022,
495,,Memento Mori,18 au 25 mai 2022,
28 192,,Filles de joie,24 juin au 1 juillet 2020,
315,,Mise au vert,20 au 27 septembre 2023,
30 218,,L'Enfant rêvé,07 au 14 octobre 2020,
10 544,,L'Etreinte,26 mai au 2 juin 2021,
105,,"Nadia, Butterfly",04 au 11 août 2021,
383,,Pulse,22 février au 1 mars 2023,
8 937,,Dédales,20 au 27 juillet 2022,
3 603,,Mastemah,29 juin au 6 juillet 2022,
2 553,,All Eyes Off Me,08 au 15 juin 2022,
45 542,,Mince alors 2 !,22 au 29 décembre 2021,
1 804,,Ma nuit,09 au 16 mars 2022,
97,,Vicenta B,11 au 18 octobre 2023,
42 006,,"Mia et moi, L’Héroïne de Centopia",20 au 27 juillet 2022,
11 005,,Louloute,18 au 25 août 2021,
1 333,,Comedy Queen,02 au 9 novembre 2022,
937,,L'Été nucléaire,11 au 18 mai 2022,
23 677,,Murina,20 au 27 avril 2022,
5 684,,200 mètres,09 au 16 juin 2021,
1 299,,Les Fantômes d'Istanbul,23 au 30 août 2023,
2 664,,L'Horizon,09 au 16 février 2022,
6 401,,Vanille,02 au 9 février 2022,
68,,Sans Toi,12 au 19 janvier 2022,
4 183,,America Latina,17 au 24 août 2022,
150,,MMXX,01 au 8 novembre 2023,
1 110,,L'Éducation d'Ademoka,12 au 19 juillet 2023,
20 012,,D'Artagnan et les trois Mousquetaires,25 août au 1 septembre 2021,
11 839,,True Mothers,28 juillet au 4 août 2021,
1 804,,Entre ciel et terre,02 au 9 novembre 2022,
4 981,,De bas étage,04 au 11 août 2021,
89,,Paris Lost and Found,06 au 13 décembre 2023,
2 612,,De l’or pour les chiens,30 juin au 7 juillet 2021,
24 348,,Tokyo Shaking,23 au 30 juin 2021,
648,,Les Démons d’argile,21 au 28 septembre 2022,
4 214,,Le Barrage,01 au 8 mars 2023,
14 835,,Le Genou d’Ahed,15 au 22 septembre 2021,
15 217,,Tempura,20 au 27 juillet 2022,
20 803,,Le Tigre qui s'invita pour le thé,14 au 21 septembre 2022,
11 185,,La Chouette en toque,14 au 21 octobre 2020,
183,,Jours sauvages,19 au 26 avril 2023,
2 975,,Le Traducteur,13 au 20 octobre 2021,
11 537,,Suis-moi je te fuis,11 au 18 mai 2022,
11 033,,Dodo,10 au 17 août 2022,
1 137,,Dealer,09 au 16 novembre 2022,
424,,A E I O U - L'alphabet rapide de l'amour,21 au 28 décembre 2022,
3 565,,Les Voisins de mes voisins sont mes voisins,02 au 9 février 2022,
772,,La Vache qui chantait le futur,26 juillet au 2 août 2023,
6 341,,Le Chemin du bonheur,15 au 22 juin 2022,
5 444,,Burning Casablanca (Zanka Contact),03 au 10 novembre 2021,
15 401,,Kajillionaire,30 septembre au 7 octobre 2020,
9 944,,Le Pardon,27 octobre au 3 novembre 2021,
9 767,,Ramona fait son cinéma,17 au 24 mai 2023,
3 406,,Faces cachées,24 au 31 mai 2023,
554,,She Will,30 novembre au 7 décembre 2022,
1 385,,Messe basse,04 au 11 août 2021,
39 343,,Koati,21 au 28 septembre 2022,
612,,Une femme sur le toit,18 au 25 octobre 2023,
991,,L'Été l’éternité,04 au 11 mai 2022,
14 488,92 834,100% loup,26 mai au 2 juin 2021,09 au 16 octobre 2020
71 419,,Les Bouchetrous,26 mai au 2 juin 2021,
415,,Neptune Frost,10 au 17 mai 2023,
1 008,,La Jeune Fille et l'Araignée,20 au 27 octobre 2021,
6 007,,The Souvenir - Part II,02 au 9 février 2022,
3 088,,Goodnight Soldier,29 juin au 6 juillet 2022,
4 878,,Butterfly Vision,12 au 19 octobre 2022,
119,,Les Affaires sont les affaires,31 janvier au 7 février 2024,
672,,Années 20,27 avril au 4 mai 2022,
1 370,,Music,08 au 15 mars 2023,
4 494,,En décalage,03 au 10 août 2022,
2 019,,Aya,12 au 19 octobre 2022,
50,,De l’autre côté du mur,04 au 11 janvier 2023,
3 700,7 500 000,Cher Evan Hansen,12 au 19 janvier 2022,24 au 27 septembre 2021
1 394,,Seule la joie,02 au 9 novembre 2022,
6 840,,Laal Singh Chaddha,10 au 17 août 2022,
11 721,,After Love,29 septembre au 6 octobre 2021,
6 917,,Fuis-moi je te suis,18 au 25 mai 2022,
6 341,,Vive le vent d'hiver,23 au 30 novembre 2022,
2 867,,Même les souris vont au paradis,27 octobre au 3 novembre 2021,
2 525,,Mush-Mush et le petit monde de la forêt,15 au 22 septembre 2021,
10 429,,The Housewife,09 au 16 mars 2022,
8 711,,Petite Solange,02 au 9 février 2022,
2 908,,Berlin Alexanderplatz,11 au 18 août 2021,
1 956,,Days,30 novembre au 7 décembre 2022,
2 257,,Echo,01 au 8 janvier 2020,
1 251,,Un couple,19 au 26 octobre 2022,
3 350,,Les Lendemains de veille,09 au 16 novembre 2022,
8 632,,Si le vent tombe,26 mai au 2 juin 2021,
3 096,,N'oublie pas les fleurs,01 au 8 mars 2023,
423,,Un monde pour Julius,20 au 27 avril 2022,
38,,Spiral,15 au 22 septembre 2021,
22 418,,La Voix du succès,15 au 22 juillet 2020,
1 849,,"Cléo, Melvil et moi",05 au 12 juillet 2023,
346,,L'Ile,07 au 14 juin 2023,
2 608,,Un varón,15 au 22 mars 2023,
18 200,,Detective Conan : La Fiancée de Shibuya,18 au 25 mai 2022,
1 775,,Malmkrog,08 au 15 juillet 2020,
374,,Piccolo corpo,17 au 24 novembre 2021,
4 201,,Cigare au miel,06 au 13 octobre 2021,
4 405,,Summertime,15 au 22 septembre 2021,
503,,Rimini,23 au 30 novembre 2022,
1 311,,Des garçons de province,01 au 8 février 2023,
200,,L'Instant présent,09 au 16 juin 2021,
159,,Ayalaan,24 au 31 janvier 2024,
2 351,,"L'Equipe de secours, en route pour l'aventure !",05 au 12 février 2020,
2 177,,Ça tourne à Saint-Pierre et Miquelon,25 mai au 1 juin 2022,
37,,Heureux les fêlés,16 au 23 novembre 2022,
3 821,,Le Dernier Piano,13 au 20 avril 2022,
10 464,,La Femme qui s’est enfuie,30 septembre au 7 octobre 2020,
8 643,,Clara Sola,01 au 8 juin 2022,
83 565,,SOL,08 au 15 janvier 2020,
273,,Rêve,03 au 10 mai 2023,
313,,Tengo sueños eléctricos,08 au 15 mars 2023,
472,,Un été comme ça,27 juillet au 3 août 2022,
165,,Pas pareil... et pourtant !,23 février au 2 mars 2022,
10 476,,Ali & Ava,02 au 9 mars 2022,
1 052,,Buladó,09 au 16 février 2022,
1 364,,Marché noir,05 au 12 janvier 2022,
3 389,,Le Piège de Huda,01 au 8 février 2023,
8 396,,Sweat,15 au 22 juin 2022,
1 524,,Digger,21 au 28 juillet 2021,
1 316,,Medusa,16 au 23 mars 2022,
2 581,,Les Mystères de Barcelone,28 septembre au 5 octobre 2022,
3 061,,Princes et princesses : le spectacle au cinéma,05 au 12 avril 2023,
40,,Hors du monde,19 au 26 janvier 2022,
14 300,,Zébulon le dragon et les médecins volants,20 au 27 octobre 2021,
523,6 320,Azor,12 au 19 octobre 2022,10 au 13 septembre 2021
4 306,,La Dernière nuit de Lise Broholm,21 au 28 septembre 2022,
894,,Vera,23 au 30 août 2023,
3 830,,Introduction,02 au 9 février 2022,
12 011,,Tom Medina,04 au 11 août 2021,
28,,La Cure,08 au 15 septembre 2021,
5 606,,"Lingui, les liens sacrés",08 au 15 décembre 2021,
4 297,,Last Words,21 au 28 octobre 2020,
12 904,,Jean-Michel le caribou et les histoires d'amour interdites,09 au 16 février 2022,
7 368,,Dream Horse,04 au 11 août 2021,
12 670,,Le Quatuor à cornes Là-haut sur la montagne,17 au 24 novembre 2021,
874,,Magdala,20 au 27 juillet 2022,
1 060,,Skazka,10 au 17 mai 2023,
37 007,,Oups ! J’ai encore raté l’arche…,20 au 27 octobre 2021,
1 311,,Karnawal,11 au 18 mai 2022,
5 990,,Las niñas,27 octobre au 3 novembre 2021,
11 271,,Les Poings desserrés,23 février au 2 mars 2022,
816,,Coeur errant,05 au 12 avril 2023,
548,,The Wasteland,06 au 13 septembre 2023,
1 447,,L'Enfant,20 au 27 avril 2022,
1 724,,Ce qui reste,11 au 18 août 2021,
842,,La Femme du fossoyeur,27 avril au 4 mai 2022,
4 920,,Laila in Haifa,01 au 8 septembre 2021,
1 105,,Residue,05 au 12 janvier 2022,
2 044,,Les Enfants du soleil,29 décembre 2021 au 5 janvier 2022,
1 914,4 754,Sous le ciel de Koutaïssi,23 février au 2 mars 2022,12 au 15 novembre 2021
5 161,,Crescendo,06 au 13 juillet 2022,
402,,My Love Affair with Marriage,07 au 14 juin 2023,
154,,Laissons les morts engloutir les morts,04 au 11 mai 2022,
5 076,,Ma mère est un gorille (et alors?),22 au 29 septembre 2021,
13 102,,Detective Conan - The Scarlet Bullet,26 mai au 2 juin 2021,
334,,Down In Paris,02 au 9 mars 2022,
57,,La Fraude,13 au 20 avril 2022,
5 652,,Je tremble ô Matador,15 au 22 juin 2022,
18,,Hypérion s’est échappé,13 au 20 septembre 2023,
8 223,,Moneyboys,16 au 23 mars 2022,
1 715,,Los Fuertes,04 au 11 mai 2022,
1 371,,Ghost Therapy,01 au 8 février 2023,
559,,Conférence,12 au 19 janvier 2022,
127,,Estación catorce,09 au 16 novembre 2022,
5 016,,Une femme indonésienne,21 au 28 décembre 2022,
596,,Lucie perd son cheval,08 au 15 février 2023,
76,,The Wastetown,16 au 23 août 2023,
21 988,,"Extra : Allan, Britney et le vaisseau spatial",19 au 26 octobre 2022,
5 035,,Balades sous les étoiles,23 au 30 septembre 2020,
3 482,,Au crépuscule,24 novembre au 1 décembre 2021,
174,,Si demain,08 au 15 décembre 2021,
5 671,,Les Promesses d’Hasan,03 au 10 août 2022,
2 315,,White Building,22 au 29 décembre 2021,
72,,La Louve,30 août au 6 septembre 2023,
101,,La Jungle est mon jardin,16 au 23 février 2022,
4 244,,My Kid,22 au 29 décembre 2021,
4 566,,Brighton 4th,12 au 19 avril 2023,
262,,Blue Star,24 au 31 janvier 2024,
1 136,,Face à la mer,13 au 20 avril 2022,
330,,"C'est Magic ! - Sucré, salé...",06 au 13 avril 2022,
1 795,,Anima Bella,05 au 12 octobre 2022,
5 472,,Employé / patron,06 au 13 avril 2022,
82,,Van Gogh In Love,18 au 25 mai 2022,
969,,Théo et les métamorphoses,09 au 16 mars 2022,
286,,Souterrain,26 janvier au 2 février 2022,
21 493,,Monster Family : en route pour l'aventure !,15 au 22 décembre 2021,
497,,Maudit!,17 au 24 novembre 2021,
15 401,,Vamshajan,11 au 18 janvier 2023,
250,,Anatomy of Time,04 au 11 mai 2022,
1 007,,On-Gaku : Notre Rock !,26 mai au 2 juin 2021,
9 205,,L’Anniversaire de Tommy,08 au 15 juin 2022,
896,,Jigarthanda DoubleX,08 au 15 novembre 2023,
1 651,,Miss Marx,04 au 11 mai 2022,
15 835,,Grandir c’est chouette !,20 au 27 octobre 2021,
59,,Super Z,02 au 9 novembre 2022,
174,,Tinnitus,05 au 12 juillet 2023,
8 192,,Le Noël de petit lièvre brun,17 au 24 novembre 2021,
70,,Tant pis pour le sud,28 septembre au 5 octobre 2022,
320,,Nana et les filles du bord de mer,12 au 19 août 2020,
3 585,,Broadway,01 au 8 juin 2022,
9 743,,Et il y eut un matin,13 au 20 avril 2022,
3 019,,Le Prince,15 au 22 juin 2022,
2 163,,Atarrabi et Mikelats,01 au 8 septembre 2021,
2 836,,Le grand mouvement,30 mars au 6 avril 2022,
4 057,,The Beta Test,15 au 22 décembre 2021,
4 431,,En attendant la neige,24 novembre au 1 décembre 2021,
1 874,,L’ Indomptable feu du printemps,28 juillet au 4 août 2021,
593,,To Kill the Beast,13 au 20 juillet 2022,
298,,Elle s'appelle Barbara,28 juin au 5 juillet 2023,
125,,Memory House,31 août au 7 septembre 2022,
702,,Jailer,30 août au 6 septembre 2023,
2 317,,Un soupçon d'amour,09 au 16 septembre 2020,
66,,Envol,27 avril au 4 mai 2022,
81,,Hikikomori,24 novembre au 1 décembre 2021,
1 033,,Vent chaud,11 au 18 août 2021,
50,,Luzzu,04 au 11 mars 2020,
584,,107 Mothers,14 au 21 septembre 2022,
2 014,,L'Ordre moral,30 septembre au 7 octobre 2020,
5 286,,Noël avec les frères Koalas,16 au 23 novembre 2022,
885,,Michael,01 au 8 février 2023,
395,,Les Sentiers de l'oubli,04 au 11 août 2021,
1 905,,Sème le vent,28 juillet au 4 août 2021,
793,,La Mort du cinéma et de mon père aussi,04 au 11 août 2021,
37,,Ubeur,23 au 30 novembre 2022,
1 350,,Poet,14 au 21 décembre 2022,
1 901,,Natural Light,11 au 18 janvier 2023,
1 446,,Domingo et la brume,15 au 22 février 2023,
412,,Rabiye Kurnaz contre George W. Bush,21 au 28 décembre 2022,
376,,C'est Magic ! - À la baguette !,06 au 13 avril 2022,
926,,Anatolia,08 au 15 juin 2022,
17,,Le Pied nickelé,08 au 15 juin 2022,
2 213,,Sweet Thing,21 au 28 juillet 2021,
556,,Walden,07 au 14 septembre 2022,
4 969,,Wolfy ! Et les loups en délire,14 au 21 juillet 2021,
176,,Les Femmes du pavillon J,11 au 18 mai 2022,
10 895,,Opération Père Noël,23 au 30 novembre 2022,
3 705,,Women Do Cry,09 au 16 mars 2022,
749,,Le Monde de Kaleb,02 au 9 novembre 2022,
214,,Sapphire Crystal,15 au 22 juillet 2020,
814,,Goodbye Mister Wong,29 décembre 2021 au 5 janvier 2022,
2 575,,Jungle rouge,22 au 29 juin 2022,
47,,Despedida,14 au 21 décembre 2022,
840,,Les Travaux et les Jours - Partie 1,22 au 29 juin 2022,
1 140,,Le Roi du monde,23 au 30 novembre 2022,
99,,Algunas bestias,20 au 27 avril 2022,
2 687,,Journal de Tûoa,14 au 21 juillet 2021,
414,,Apples,13 au 20 avril 2022,
1 045,,The Cloud in Her Room,22 au 29 décembre 2021,
859,,Les Graines que l'on sème,23 février au 2 mars 2022,
180,,Au commencement,01 au 8 décembre 2021,
88,,Adiós entusiasmo,15 au 22 mars 2023,
6,,Dhruva Natchathiram Chapter 1: Yuddha Kaandam,22 au 29 novembre 2023,
813,,Zahorí,06 au 13 juillet 2022,
420,,Los Sonámbulos,14 au 21 septembre 2022,
69,,Nudo mixteco : trois destins de femmes,08 au 15 décembre 2021,
25,,Le Chameau et le meunier,21 au 28 septembre 2022,
536,,Japan,08 au 15 novembre 2023,
774,,L'Esprit sacré,06 au 13 juillet 2022,
1 186,,Les Affluents,16 au 23 février 2022,
45,,La Sorcière et le martien,21 au 28 juin 2023,
314,,Jeunesse en sursis,14 au 21 septembre 2022,
4 124,,Doctor,06 au 13 octobre 2021,
100,,"Euridice, là-bas...",19 au 26 janvier 2022,
917,,Ce ne sera pas notre dernier Noël,23 au 30 novembre 2022,
123,,Le Prince Serpent,26 mai au 2 juin 2021,
86,,Giulia,14 au 21 juin 2023,
17,,Cérémonie secrète,08 au 15 juin 2022,
76,,Irmã,07 au 14 juillet 2021,
380,,Tanhaji,08 au 15 janvier 2020,
299,,Any Day Now,08 au 15 décembre 2021,
500,,Street Dancer 3,22 au 29 janvier 2020,
137,,Black is Beltza II: Ainhoa,16 au 23 novembre 2022,
193,,Kushi,30 août au 6 septembre 2023,
2 767,,La Verónica,17 au 24 août 2022,
109,,The Vaccine War,27 septembre au 4 octobre 2023,
1 691,,Mark Antony,20 au 27 septembre 2023,
330,,Pas... de quartier,27 avril au 4 mai 2022,
436,,Satyaprem Ki Katha,28 juin au 5 juillet 2023,
387,,Histoires de petites gens,06 au 13 juillet 2022,
391,,"Barbie : Grande Ville, Grands Rêves",08 au 15 septembre 2021,
4 771,,Una Promessa,14 au 21 octobre 2020,
97,,Careless Crime,03 au 10 novembre 2021,
414,,Grand frère,26 août au 2 septembre 2020,
474,,Jesús López,13 au 20 juillet 2022,
49,,Belladones,16 au 23 mars 2022,
4 480,,Maaveeran,12 au 19 juillet 2023,
555,,Psycho,22 au 29 janvier 2020,
21,,Don Sauvage,14 au 21 septembre 2022,
51,,Lointaine Andromède,15 au 22 mars 2023,
1 324,,Oskar et Lily,04 au 11 mars 2020,
840,,Mafia: Chapter 1,19 au 26 février 2020,
108,,Le Voyage d'Ana,29 septembre au 6 octobre 2021,
48,,Adieu venus,13 au 20 octobre 2021,
12,,Nos liens,01 au 8 septembre 2021,
1 559,,Darbar,15 au 22 janvier 2020,
783,,Summer White,18 au 25 août 2021,
36,,Angrezi Medium,11 au 18 mars 2020,
427,,Carry On Jatta 3,28 juin au 5 juillet 2023,
196,,Radhe,26 mai au 2 juin 2021,
7,,Carte Blanche,29 décembre 2021 au 5 janvier 2022,
669,,Mastaney,30 août au 6 septembre 2023,
54,,Ik Sandhu Hunda Si,04 au 11 mars 2020,
233,,Shubh Mangal Zyada Saavdhan,19 au 26 février 2020,
195,,Soppana Sundari,12 au 19 avril 2023,
44,,Dhoomam,21 au 28 juin 2023,
108,,Orso,10 au 17 mai 2023,
4 246,,Shotgun,17 au 24 janvier 2024,
28 149,,Les Contes du hérisson,11 au 18 octobre 2023,
3 851,,El estado del imperio,04 au 11 octobre 2023,
